,Company,Product,Total Consumer disputed? Complaints
0,HSBC NORTH AMERICA HOLDINGS INC.,Checking or savings account,0
1,HSBC NORTH AMERICA HOLDINGS INC.,Checking or savings account,0
2,HSBC NORTH AMERICA HOLDINGS INC.,Checking or savings account,0
3,HSBC NORTH AMERICA HOLDINGS INC.,Credit card or prepaid card,0
4,HSBC NORTH AMERICA HOLDINGS INC.,Credit card or prepaid card,0
5,HSBC NORTH AMERICA HOLDINGS INC.,Credit card or prepaid card,0
6,HSBC NORTH AMERICA HOLDINGS INC.,"Credit reporting, credit repair services, or other personal consumer reports",0
7,HSBC NORTH AMERICA HOLDINGS INC.,"Credit reporting, credit repair services, or other personal consumer reports",0
8,HSBC NORTH AMERICA HOLDINGS INC.,"Credit reporting, credit repair services, or other personal consumer reports",0
9,HSBC NORTH AMERICA HOLDINGS INC.,Debt collection,0
10,HSBC NORTH AMERICA HOLDINGS INC.,Debt collection,829
11,HSBC NORTH AMERICA HOLDINGS INC.,Debt collection,164
12,HSBC NORTH AMERICA HOLDINGS INC.,"Money transfer, virtual currency, or money service",0
13,HSBC NORTH AMERICA HOLDINGS INC.,"Money transfer, virtual currency, or money service",0
14,HSBC NORTH AMERICA HOLDINGS INC.,"Money transfer, virtual currency, or money service",0
15,HSBC NORTH AMERICA HOLDINGS INC.,Student loan,0
16,HSBC NORTH AMERICA HOLDINGS INC.,Student loan,6
17,HSBC NORTH AMERICA HOLDINGS INC.,Student loan,1
18,HSBC NORTH AMERICA HOLDINGS INC.,Vehicle loan or lease,0
19,HSBC NORTH AMERICA HOLDINGS INC.,Vehicle loan or lease,0
20,HSBC NORTH AMERICA HOLDINGS INC.,Vehicle loan or lease,0
21,HSBC NORTH AMERICA HOLDINGS INC.,Mortgage,0
22,HSBC NORTH AMERICA HOLDINGS INC.,Mortgage,3226
23,HSBC NORTH AMERICA HOLDINGS INC.,Mortgage,1018
24,HSBC NORTH AMERICA HOLDINGS INC.,"Payday loan, title loan, or personal loan",0
25,HSBC NORTH AMERICA HOLDINGS INC.,"Payday loan, title loan, or personal loan",0
26,HSBC NORTH AMERICA HOLDINGS INC.,"Payday loan, title loan, or personal loan",0
27,HSBC NORTH AMERICA HOLDINGS INC.,Bank account or service,0
28,HSBC NORTH AMERICA HOLDINGS INC.,Bank account or service,810
29,HSBC NORTH AMERICA HOLDINGS INC.,Bank account or service,208
30,HSBC NORTH AMERICA HOLDINGS INC.,Credit card,0
31,HSBC NORTH AMERICA HOLDINGS INC.,Credit card,526
32,HSBC NORTH AMERICA HOLDINGS INC.,Credit card,141
33,HSBC NORTH AMERICA HOLDINGS INC.,Credit reporting,0
34,HSBC NORTH AMERICA HOLDINGS INC.,Credit reporting,36
35,HSBC NORTH AMERICA HOLDINGS INC.,Credit reporting,12
36,HSBC NORTH AMERICA HOLDINGS INC.,Consumer Loan,0
37,HSBC NORTH AMERICA HOLDINGS INC.,Consumer Loan,146
38,HSBC NORTH AMERICA HOLDINGS INC.,Consumer Loan,44
39,HSBC NORTH AMERICA HOLDINGS INC.,Prepaid card,0
40,HSBC NORTH AMERICA HOLDINGS INC.,Prepaid card,1
41,HSBC NORTH AMERICA HOLDINGS INC.,Prepaid card,2
42,HSBC NORTH AMERICA HOLDINGS INC.,Money transfers,0
43,HSBC NORTH AMERICA HOLDINGS INC.,Money transfers,28
44,HSBC NORTH AMERICA HOLDINGS INC.,Money transfers,5
45,HSBC NORTH AMERICA HOLDINGS INC.,Other financial service,0
46,HSBC NORTH AMERICA HOLDINGS INC.,Other financial service,3
47,HSBC NORTH AMERICA HOLDINGS INC.,Other financial service,1
48,HSBC NORTH AMERICA HOLDINGS INC.,Payday loan,0
49,HSBC NORTH AMERICA HOLDINGS INC.,Payday loan,2
50,HSBC NORTH AMERICA HOLDINGS INC.,Payday loan,0
51,Resurgent Capital Services L.P.,Checking or savings account,0
52,Resurgent Capital Services L.P.,Checking or savings account,0
53,Resurgent Capital Services L.P.,Checking or savings account,0
54,Resurgent Capital Services L.P.,Credit card or prepaid card,0
55,Resurgent Capital Services L.P.,Credit card or prepaid card,0
56,Resurgent Capital Services L.P.,Credit card or prepaid card,0
57,Resurgent Capital Services L.P.,"Credit reporting, credit repair services, or other personal consumer reports",0
58,Resurgent Capital Services L.P.,"Credit reporting, credit repair services, or other personal consumer reports",0
59,Resurgent Capital Services L.P.,"Credit reporting, credit repair services, or other personal consumer reports",0
60,Resurgent Capital Services L.P.,Debt collection,0
61,Resurgent Capital Services L.P.,Debt collection,1540
62,Resurgent Capital Services L.P.,Debt collection,341
63,Resurgent Capital Services L.P.,"Money transfer, virtual currency, or money service",0
64,Resurgent Capital Services L.P.,"Money transfer, virtual currency, or money service",0
65,Resurgent Capital Services L.P.,"Money transfer, virtual currency, or money service",0
66,Resurgent Capital Services L.P.,Student loan,0
67,Resurgent Capital Services L.P.,Student loan,2
68,Resurgent Capital Services L.P.,Student loan,2
69,Resurgent Capital Services L.P.,Vehicle loan or lease,0
70,Resurgent Capital Services L.P.,Vehicle loan or lease,0
71,Resurgent Capital Services L.P.,Vehicle loan or lease,0
72,Resurgent Capital Services L.P.,Mortgage,0
73,Resurgent Capital Services L.P.,Mortgage,118
74,Resurgent Capital Services L.P.,Mortgage,21
75,Resurgent Capital Services L.P.,"Payday loan, title loan, or personal loan",0
76,Resurgent Capital Services L.P.,"Payday loan, title loan, or personal loan",0
77,Resurgent Capital Services L.P.,"Payday loan, title loan, or personal loan",0
78,Resurgent Capital Services L.P.,Bank account or service,0
79,Resurgent Capital Services L.P.,Bank account or service,11
80,Resurgent Capital Services L.P.,Bank account or service,2
81,Resurgent Capital Services L.P.,Credit card,0
82,Resurgent Capital Services L.P.,Credit card,53
83,Resurgent Capital Services L.P.,Credit card,17
84,Resurgent Capital Services L.P.,Credit reporting,0
85,Resurgent Capital Services L.P.,Credit reporting,43
86,Resurgent Capital Services L.P.,Credit reporting,14
87,Resurgent Capital Services L.P.,Consumer Loan,0
88,Resurgent Capital Services L.P.,Consumer Loan,23
89,Resurgent Capital Services L.P.,Consumer Loan,7
90,Resurgent Capital Services L.P.,Prepaid card,0
91,Resurgent Capital Services L.P.,Prepaid card,0
92,Resurgent Capital Services L.P.,Prepaid card,0
93,Resurgent Capital Services L.P.,Money transfers,0
94,Resurgent Capital Services L.P.,Money transfers,0
95,Resurgent Capital Services L.P.,Money transfers,0
96,Resurgent Capital Services L.P.,Other financial service,0
97,Resurgent Capital Services L.P.,Other financial service,0
98,Resurgent Capital Services L.P.,Other financial service,0
99,Resurgent Capital Services L.P.,Payday loan,0
100,Resurgent Capital Services L.P.,Payday loan,0
101,Resurgent Capital Services L.P.,Payday loan,1
102,ERC,Checking or savings account,0
103,ERC,Checking or savings account,0
104,ERC,Checking or savings account,0
105,ERC,Credit card or prepaid card,0
106,ERC,Credit card or prepaid card,0
107,ERC,Credit card or prepaid card,0
108,ERC,"Credit reporting, credit repair services, or other personal consumer reports",0
109,ERC,"Credit reporting, credit repair services, or other personal consumer reports",0
110,ERC,"Credit reporting, credit repair services, or other personal consumer reports",0
111,ERC,Debt collection,0
112,ERC,Debt collection,3202
113,ERC,Debt collection,680
114,ERC,"Money transfer, virtual currency, or money service",0
115,ERC,"Money transfer, virtual currency, or money service",0
116,ERC,"Money transfer, virtual currency, or money service",0
117,ERC,Student loan,0
118,ERC,Student loan,3
119,ERC,Student loan,1
120,ERC,Vehicle loan or lease,0
121,ERC,Vehicle loan or lease,0
122,ERC,Vehicle loan or lease,0
123,ERC,Mortgage,0
124,ERC,Mortgage,1
125,ERC,Mortgage,0
126,ERC,"Payday loan, title loan, or personal loan",0
127,ERC,"Payday loan, title loan, or personal loan",0
128,ERC,"Payday loan, title loan, or personal loan",0
129,ERC,Bank account or service,0
130,ERC,Bank account or service,5
131,ERC,Bank account or service,0
132,ERC,Credit card,0
133,ERC,Credit card,4
134,ERC,Credit card,1
135,ERC,Credit reporting,0
136,ERC,Credit reporting,48
137,ERC,Credit reporting,12
138,ERC,Consumer Loan,0
139,ERC,Consumer Loan,10
140,ERC,Consumer Loan,1
141,ERC,Prepaid card,0
142,ERC,Prepaid card,0
143,ERC,Prepaid card,1
144,ERC,Money transfers,0
145,ERC,Money transfers,0
146,ERC,Money transfers,0
147,ERC,Other financial service,0
148,ERC,Other financial service,1
149,ERC,Other financial service,0
150,ERC,Payday loan,0
151,ERC,Payday loan,2
152,ERC,Payday loan,0
153,ALLY FINANCIAL INC.,Checking or savings account,0
154,ALLY FINANCIAL INC.,Checking or savings account,0
155,ALLY FINANCIAL INC.,Checking or savings account,0
156,ALLY FINANCIAL INC.,Credit card or prepaid card,0
157,ALLY FINANCIAL INC.,Credit card or prepaid card,0
158,ALLY FINANCIAL INC.,Credit card or prepaid card,0
159,ALLY FINANCIAL INC.,"Credit reporting, credit repair services, or other personal consumer reports",0
160,ALLY FINANCIAL INC.,"Credit reporting, credit repair services, or other personal consumer reports",0
161,ALLY FINANCIAL INC.,"Credit reporting, credit repair services, or other personal consumer reports",0
162,ALLY FINANCIAL INC.,Debt collection,0
163,ALLY FINANCIAL INC.,Debt collection,248
164,ALLY FINANCIAL INC.,Debt collection,51
165,ALLY FINANCIAL INC.,"Money transfer, virtual currency, or money service",0
166,ALLY FINANCIAL INC.,"Money transfer, virtual currency, or money service",0
167,ALLY FINANCIAL INC.,"Money transfer, virtual currency, or money service",0
168,ALLY FINANCIAL INC.,Student loan,0
169,ALLY FINANCIAL INC.,Student loan,2
170,ALLY FINANCIAL INC.,Student loan,1
171,ALLY FINANCIAL INC.,Vehicle loan or lease,0
172,ALLY FINANCIAL INC.,Vehicle loan or lease,0
173,ALLY FINANCIAL INC.,Vehicle loan or lease,0
174,ALLY FINANCIAL INC.,Mortgage,0
175,ALLY FINANCIAL INC.,Mortgage,31
176,ALLY FINANCIAL INC.,Mortgage,10
177,ALLY FINANCIAL INC.,"Payday loan, title loan, or personal loan",0
178,ALLY FINANCIAL INC.,"Payday loan, title loan, or personal loan",0
179,ALLY FINANCIAL INC.,"Payday loan, title loan, or personal loan",0
180,ALLY FINANCIAL INC.,Bank account or service,0
181,ALLY FINANCIAL INC.,Bank account or service,671
182,ALLY FINANCIAL INC.,Bank account or service,106
183,ALLY FINANCIAL INC.,Credit card,0
184,ALLY FINANCIAL INC.,Credit card,15
185,ALLY FINANCIAL INC.,Credit card,3
186,ALLY FINANCIAL INC.,Credit reporting,0
187,ALLY FINANCIAL INC.,Credit reporting,34
188,ALLY FINANCIAL INC.,Credit reporting,3
189,ALLY FINANCIAL INC.,Consumer Loan,0
190,ALLY FINANCIAL INC.,Consumer Loan,1719
191,ALLY FINANCIAL INC.,Consumer Loan,375
192,ALLY FINANCIAL INC.,Prepaid card,0
193,ALLY FINANCIAL INC.,Prepaid card,0
194,ALLY FINANCIAL INC.,Prepaid card,0
195,ALLY FINANCIAL INC.,Money transfers,0
196,ALLY FINANCIAL INC.,Money transfers,7
197,ALLY FINANCIAL INC.,Money transfers,0
198,ALLY FINANCIAL INC.,Other financial service,0
199,ALLY FINANCIAL INC.,Other financial service,3
200,ALLY FINANCIAL INC.,Other financial service,0
201,ALLY FINANCIAL INC.,Payday loan,0
202,ALLY FINANCIAL INC.,Payday loan,0
203,ALLY FINANCIAL INC.,Payday loan,0
204,Santander Consumer USA Holdings Inc.,Checking or savings account,0
205,Santander Consumer USA Holdings Inc.,Checking or savings account,0
206,Santander Consumer USA Holdings Inc.,Checking or savings account,0
207,Santander Consumer USA Holdings Inc.,Credit card or prepaid card,0
208,Santander Consumer USA Holdings Inc.,Credit card or prepaid card,0
209,Santander Consumer USA Holdings Inc.,Credit card or prepaid card,0
210,Santander Consumer USA Holdings Inc.,"Credit reporting, credit repair services, or other personal consumer reports",0
211,Santander Consumer USA Holdings Inc.,"Credit reporting, credit repair services, or other personal consumer reports",0
212,Santander Consumer USA Holdings Inc.,"Credit reporting, credit repair services, or other personal consumer reports",0
213,Santander Consumer USA Holdings Inc.,Debt collection,0
214,Santander Consumer USA Holdings Inc.,Debt collection,279
215,Santander Consumer USA Holdings Inc.,Debt collection,75
216,Santander Consumer USA Holdings Inc.,"Money transfer, virtual currency, or money service",0
217,Santander Consumer USA Holdings Inc.,"Money transfer, virtual currency, or money service",0
218,Santander Consumer USA Holdings Inc.,"Money transfer, virtual currency, or money service",0
219,Santander Consumer USA Holdings Inc.,Student loan,0
220,Santander Consumer USA Holdings Inc.,Student loan,0
221,Santander Consumer USA Holdings Inc.,Student loan,0
222,Santander Consumer USA Holdings Inc.,Vehicle loan or lease,0
223,Santander Consumer USA Holdings Inc.,Vehicle loan or lease,0
224,Santander Consumer USA Holdings Inc.,Vehicle loan or lease,0
225,Santander Consumer USA Holdings Inc.,Mortgage,0
226,Santander Consumer USA Holdings Inc.,Mortgage,12
227,Santander Consumer USA Holdings Inc.,Mortgage,2
228,Santander Consumer USA Holdings Inc.,"Payday loan, title loan, or personal loan",0
229,Santander Consumer USA Holdings Inc.,"Payday loan, title loan, or personal loan",0
230,Santander Consumer USA Holdings Inc.,"Payday loan, title loan, or personal loan",0
231,Santander Consumer USA Holdings Inc.,Bank account or service,0
232,Santander Consumer USA Holdings Inc.,Bank account or service,42
233,Santander Consumer USA Holdings Inc.,Bank account or service,12
234,Santander Consumer USA Holdings Inc.,Credit card,0
235,Santander Consumer USA Holdings Inc.,Credit card,10
236,Santander Consumer USA Holdings Inc.,Credit card,1
237,Santander Consumer USA Holdings Inc.,Credit reporting,0
238,Santander Consumer USA Holdings Inc.,Credit reporting,31
239,Santander Consumer USA Holdings Inc.,Credit reporting,6
240,Santander Consumer USA Holdings Inc.,Consumer Loan,0
241,Santander Consumer USA Holdings Inc.,Consumer Loan,1788
242,Santander Consumer USA Holdings Inc.,Consumer Loan,749
243,Santander Consumer USA Holdings Inc.,Prepaid card,0
244,Santander Consumer USA Holdings Inc.,Prepaid card,0
245,Santander Consumer USA Holdings Inc.,Prepaid card,0
246,Santander Consumer USA Holdings Inc.,Money transfers,0
247,Santander Consumer USA Holdings Inc.,Money transfers,1
248,Santander Consumer USA Holdings Inc.,Money transfers,0
249,Santander Consumer USA Holdings Inc.,Other financial service,0
250,Santander Consumer USA Holdings Inc.,Other financial service,0
251,Santander Consumer USA Holdings Inc.,Other financial service,0
252,Santander Consumer USA Holdings Inc.,Payday loan,0
253,Santander Consumer USA Holdings Inc.,Payday loan,1
254,Santander Consumer USA Holdings Inc.,Payday loan,0
255,"SELECT PORTFOLIO SERVICING, INC.",Checking or savings account,0
256,"SELECT PORTFOLIO SERVICING, INC.",Checking or savings account,0
257,"SELECT PORTFOLIO SERVICING, INC.",Checking or savings account,0
258,"SELECT PORTFOLIO SERVICING, INC.",Credit card or prepaid card,0
259,"SELECT PORTFOLIO SERVICING, INC.",Credit card or prepaid card,0
260,"SELECT PORTFOLIO SERVICING, INC.",Credit card or prepaid card,0
261,"SELECT PORTFOLIO SERVICING, INC.","Credit reporting, credit repair services, or other personal consumer reports",0
262,"SELECT PORTFOLIO SERVICING, INC.","Credit reporting, credit repair services, or other personal consumer reports",0
263,"SELECT PORTFOLIO SERVICING, INC.","Credit reporting, credit repair services, or other personal consumer reports",0
264,"SELECT PORTFOLIO SERVICING, INC.",Debt collection,0
265,"SELECT PORTFOLIO SERVICING, INC.",Debt collection,161
266,"SELECT PORTFOLIO SERVICING, INC.",Debt collection,88
267,"SELECT PORTFOLIO SERVICING, INC.","Money transfer, virtual currency, or money service",0
268,"SELECT PORTFOLIO SERVICING, INC.","Money transfer, virtual currency, or money service",0
269,"SELECT PORTFOLIO SERVICING, INC.","Money transfer, virtual currency, or money service",0
270,"SELECT PORTFOLIO SERVICING, INC.",Student loan,0
271,"SELECT PORTFOLIO SERVICING, INC.",Student loan,0
272,"SELECT PORTFOLIO SERVICING, INC.",Student loan,1
273,"SELECT PORTFOLIO SERVICING, INC.",Vehicle loan or lease,0
274,"SELECT PORTFOLIO SERVICING, INC.",Vehicle loan or lease,0
275,"SELECT PORTFOLIO SERVICING, INC.",Vehicle loan or lease,0
276,"SELECT PORTFOLIO SERVICING, INC.",Mortgage,0
277,"SELECT PORTFOLIO SERVICING, INC.",Mortgage,4184
278,"SELECT PORTFOLIO SERVICING, INC.",Mortgage,1364
279,"SELECT PORTFOLIO SERVICING, INC.","Payday loan, title loan, or personal loan",0
280,"SELECT PORTFOLIO SERVICING, INC.","Payday loan, title loan, or personal loan",0
281,"SELECT PORTFOLIO SERVICING, INC.","Payday loan, title loan, or personal loan",0
282,"SELECT PORTFOLIO SERVICING, INC.",Bank account or service,0
283,"SELECT PORTFOLIO SERVICING, INC.",Bank account or service,8
284,"SELECT PORTFOLIO SERVICING, INC.",Bank account or service,2
285,"SELECT PORTFOLIO SERVICING, INC.",Credit card,0
286,"SELECT PORTFOLIO SERVICING, INC.",Credit card,0
287,"SELECT PORTFOLIO SERVICING, INC.",Credit card,0
288,"SELECT PORTFOLIO SERVICING, INC.",Credit reporting,0
289,"SELECT PORTFOLIO SERVICING, INC.",Credit reporting,5
290,"SELECT PORTFOLIO SERVICING, INC.",Credit reporting,0
291,"SELECT PORTFOLIO SERVICING, INC.",Consumer Loan,0
292,"SELECT PORTFOLIO SERVICING, INC.",Consumer Loan,3
293,"SELECT PORTFOLIO SERVICING, INC.",Consumer Loan,2
294,"SELECT PORTFOLIO SERVICING, INC.",Prepaid card,0
295,"SELECT PORTFOLIO SERVICING, INC.",Prepaid card,0
296,"SELECT PORTFOLIO SERVICING, INC.",Prepaid card,0
297,"SELECT PORTFOLIO SERVICING, INC.",Money transfers,0
298,"SELECT PORTFOLIO SERVICING, INC.",Money transfers,0
299,"SELECT PORTFOLIO SERVICING, INC.",Money transfers,0
300,"SELECT PORTFOLIO SERVICING, INC.",Other financial service,0
301,"SELECT PORTFOLIO SERVICING, INC.",Other financial service,0
302,"SELECT PORTFOLIO SERVICING, INC.",Other financial service,0
303,"SELECT PORTFOLIO SERVICING, INC.",Payday loan,0
304,"SELECT PORTFOLIO SERVICING, INC.",Payday loan,0
305,"SELECT PORTFOLIO SERVICING, INC.",Payday loan,0
306,BARCLAYS BANK DELAWARE,Checking or savings account,0
307,BARCLAYS BANK DELAWARE,Checking or savings account,0
308,BARCLAYS BANK DELAWARE,Checking or savings account,0
309,BARCLAYS BANK DELAWARE,Credit card or prepaid card,0
310,BARCLAYS BANK DELAWARE,Credit card or prepaid card,0
311,BARCLAYS BANK DELAWARE,Credit card or prepaid card,0
312,BARCLAYS BANK DELAWARE,"Credit reporting, credit repair services, or other personal consumer reports",0
313,BARCLAYS BANK DELAWARE,"Credit reporting, credit repair services, or other personal consumer reports",0
314,BARCLAYS BANK DELAWARE,"Credit reporting, credit repair services, or other personal consumer reports",0
315,BARCLAYS BANK DELAWARE,Debt collection,0
316,BARCLAYS BANK DELAWARE,Debt collection,271
317,BARCLAYS BANK DELAWARE,Debt collection,59
318,BARCLAYS BANK DELAWARE,"Money transfer, virtual currency, or money service",0
319,BARCLAYS BANK DELAWARE,"Money transfer, virtual currency, or money service",0
320,BARCLAYS BANK DELAWARE,"Money transfer, virtual currency, or money service",0
321,BARCLAYS BANK DELAWARE,Student loan,0
322,BARCLAYS BANK DELAWARE,Student loan,0
323,BARCLAYS BANK DELAWARE,Student loan,0
324,BARCLAYS BANK DELAWARE,Vehicle loan or lease,0
325,BARCLAYS BANK DELAWARE,Vehicle loan or lease,0
326,BARCLAYS BANK DELAWARE,Vehicle loan or lease,0
327,BARCLAYS BANK DELAWARE,Mortgage,0
328,BARCLAYS BANK DELAWARE,Mortgage,2
329,BARCLAYS BANK DELAWARE,Mortgage,1
330,BARCLAYS BANK DELAWARE,"Payday loan, title loan, or personal loan",0
331,BARCLAYS BANK DELAWARE,"Payday loan, title loan, or personal loan",0
332,BARCLAYS BANK DELAWARE,"Payday loan, title loan, or personal loan",0
333,BARCLAYS BANK DELAWARE,Bank account or service,0
334,BARCLAYS BANK DELAWARE,Bank account or service,109
335,BARCLAYS BANK DELAWARE,Bank account or service,20
336,BARCLAYS BANK DELAWARE,Credit card,0
337,BARCLAYS BANK DELAWARE,Credit card,2906
338,BARCLAYS BANK DELAWARE,Credit card,608
339,BARCLAYS BANK DELAWARE,Credit reporting,0
340,BARCLAYS BANK DELAWARE,Credit reporting,68
341,BARCLAYS BANK DELAWARE,Credit reporting,8
342,BARCLAYS BANK DELAWARE,Consumer Loan,0
343,BARCLAYS BANK DELAWARE,Consumer Loan,18
344,BARCLAYS BANK DELAWARE,Consumer Loan,2
345,BARCLAYS BANK DELAWARE,Prepaid card,0
346,BARCLAYS BANK DELAWARE,Prepaid card,1
347,BARCLAYS BANK DELAWARE,Prepaid card,0
348,BARCLAYS BANK DELAWARE,Money transfers,0
349,BARCLAYS BANK DELAWARE,Money transfers,2
350,BARCLAYS BANK DELAWARE,Money transfers,2
351,BARCLAYS BANK DELAWARE,Other financial service,0
352,BARCLAYS BANK DELAWARE,Other financial service,1
353,BARCLAYS BANK DELAWARE,Other financial service,1
354,BARCLAYS BANK DELAWARE,Payday loan,0
355,BARCLAYS BANK DELAWARE,Payday loan,0
356,BARCLAYS BANK DELAWARE,Payday loan,0
357,AES/PHEAA,Checking or savings account,0
358,AES/PHEAA,Checking or savings account,0
359,AES/PHEAA,Checking or savings account,0
360,AES/PHEAA,Credit card or prepaid card,0
361,AES/PHEAA,Credit card or prepaid card,0
362,AES/PHEAA,Credit card or prepaid card,0
363,AES/PHEAA,"Credit reporting, credit repair services, or other personal consumer reports",0
364,AES/PHEAA,"Credit reporting, credit repair services, or other personal consumer reports",0
365,AES/PHEAA,"Credit reporting, credit repair services, or other personal consumer reports",0
366,AES/PHEAA,Debt collection,0
367,AES/PHEAA,Debt collection,261
368,AES/PHEAA,Debt collection,65
369,AES/PHEAA,"Money transfer, virtual currency, or money service",0
370,AES/PHEAA,"Money transfer, virtual currency, or money service",0
371,AES/PHEAA,"Money transfer, virtual currency, or money service",0
372,AES/PHEAA,Student loan,0
373,AES/PHEAA,Student loan,2924
374,AES/PHEAA,Student loan,710
375,AES/PHEAA,Vehicle loan or lease,0
376,AES/PHEAA,Vehicle loan or lease,0
377,AES/PHEAA,Vehicle loan or lease,0
378,AES/PHEAA,Mortgage,0
379,AES/PHEAA,Mortgage,0
380,AES/PHEAA,Mortgage,0
381,AES/PHEAA,"Payday loan, title loan, or personal loan",0
382,AES/PHEAA,"Payday loan, title loan, or personal loan",0
383,AES/PHEAA,"Payday loan, title loan, or personal loan",0
384,AES/PHEAA,Bank account or service,0
385,AES/PHEAA,Bank account or service,5
386,AES/PHEAA,Bank account or service,0
387,AES/PHEAA,Credit card,0
388,AES/PHEAA,Credit card,1
389,AES/PHEAA,Credit card,0
390,AES/PHEAA,Credit reporting,0
391,AES/PHEAA,Credit reporting,15
392,AES/PHEAA,Credit reporting,2
393,AES/PHEAA,Consumer Loan,0
394,AES/PHEAA,Consumer Loan,5
395,AES/PHEAA,Consumer Loan,0
396,AES/PHEAA,Prepaid card,0
397,AES/PHEAA,Prepaid card,0
398,AES/PHEAA,Prepaid card,0
399,AES/PHEAA,Money transfers,0
400,AES/PHEAA,Money transfers,0
401,AES/PHEAA,Money transfers,0
402,AES/PHEAA,Other financial service,0
403,AES/PHEAA,Other financial service,2
404,AES/PHEAA,Other financial service,0
405,AES/PHEAA,Payday loan,0
406,AES/PHEAA,Payday loan,0
407,AES/PHEAA,Payday loan,0
408,Ditech Financial LLC,Checking or savings account,0
409,Ditech Financial LLC,Checking or savings account,0
410,Ditech Financial LLC,Checking or savings account,0
411,Ditech Financial LLC,Credit card or prepaid card,0
412,Ditech Financial LLC,Credit card or prepaid card,0
413,Ditech Financial LLC,Credit card or prepaid card,0
414,Ditech Financial LLC,"Credit reporting, credit repair services, or other personal consumer reports",0
415,Ditech Financial LLC,"Credit reporting, credit repair services, or other personal consumer reports",0
416,Ditech Financial LLC,"Credit reporting, credit repair services, or other personal consumer reports",0
417,Ditech Financial LLC,Debt collection,0
418,Ditech Financial LLC,Debt collection,524
419,Ditech Financial LLC,Debt collection,144
420,Ditech Financial LLC,"Money transfer, virtual currency, or money service",0
421,Ditech Financial LLC,"Money transfer, virtual currency, or money service",0
422,Ditech Financial LLC,"Money transfer, virtual currency, or money service",0
423,Ditech Financial LLC,Student loan,0
424,Ditech Financial LLC,Student loan,0
425,Ditech Financial LLC,Student loan,0
426,Ditech Financial LLC,Vehicle loan or lease,0
427,Ditech Financial LLC,Vehicle loan or lease,0
428,Ditech Financial LLC,Vehicle loan or lease,0
429,Ditech Financial LLC,Mortgage,0
430,Ditech Financial LLC,Mortgage,8358
431,Ditech Financial LLC,Mortgage,2284
432,Ditech Financial LLC,"Payday loan, title loan, or personal loan",0
433,Ditech Financial LLC,"Payday loan, title loan, or personal loan",0
434,Ditech Financial LLC,"Payday loan, title loan, or personal loan",0
435,Ditech Financial LLC,Bank account or service,0
436,Ditech Financial LLC,Bank account or service,26
437,Ditech Financial LLC,Bank account or service,7
438,Ditech Financial LLC,Credit card,0
439,Ditech Financial LLC,Credit card,0
440,Ditech Financial LLC,Credit card,0
441,Ditech Financial LLC,Credit reporting,0
442,Ditech Financial LLC,Credit reporting,23
443,Ditech Financial LLC,Credit reporting,5
444,Ditech Financial LLC,Consumer Loan,0
445,Ditech Financial LLC,Consumer Loan,77
446,Ditech Financial LLC,Consumer Loan,21
447,Ditech Financial LLC,Prepaid card,0
448,Ditech Financial LLC,Prepaid card,0
449,Ditech Financial LLC,Prepaid card,0
450,Ditech Financial LLC,Money transfers,0
451,Ditech Financial LLC,Money transfers,0
452,Ditech Financial LLC,Money transfers,0
453,Ditech Financial LLC,Other financial service,0
454,Ditech Financial LLC,Other financial service,4
455,Ditech Financial LLC,Other financial service,2
456,Ditech Financial LLC,Payday loan,0
457,Ditech Financial LLC,Payday loan,1
458,Ditech Financial LLC,Payday loan,0
459,"Paypal Holdings, Inc",Checking or savings account,0
460,"Paypal Holdings, Inc",Checking or savings account,0
461,"Paypal Holdings, Inc",Checking or savings account,0
462,"Paypal Holdings, Inc",Credit card or prepaid card,0
463,"Paypal Holdings, Inc",Credit card or prepaid card,0
464,"Paypal Holdings, Inc",Credit card or prepaid card,0
465,"Paypal Holdings, Inc","Credit reporting, credit repair services, or other personal consumer reports",0
466,"Paypal Holdings, Inc","Credit reporting, credit repair services, or other personal consumer reports",0
467,"Paypal Holdings, Inc","Credit reporting, credit repair services, or other personal consumer reports",0
468,"Paypal Holdings, Inc",Debt collection,0
469,"Paypal Holdings, Inc",Debt collection,272
470,"Paypal Holdings, Inc",Debt collection,51
471,"Paypal Holdings, Inc","Money transfer, virtual currency, or money service",0
472,"Paypal Holdings, Inc","Money transfer, virtual currency, or money service",0
473,"Paypal Holdings, Inc","Money transfer, virtual currency, or money service",0
474,"Paypal Holdings, Inc",Student loan,0
475,"Paypal Holdings, Inc",Student loan,0
476,"Paypal Holdings, Inc",Student loan,0
477,"Paypal Holdings, Inc",Vehicle loan or lease,0
478,"Paypal Holdings, Inc",Vehicle loan or lease,0
479,"Paypal Holdings, Inc",Vehicle loan or lease,0
480,"Paypal Holdings, Inc",Mortgage,0
481,"Paypal Holdings, Inc",Mortgage,2
482,"Paypal Holdings, Inc",Mortgage,0
483,"Paypal Holdings, Inc","Payday loan, title loan, or personal loan",0
484,"Paypal Holdings, Inc","Payday loan, title loan, or personal loan",0
485,"Paypal Holdings, Inc","Payday loan, title loan, or personal loan",0
486,"Paypal Holdings, Inc",Bank account or service,0
487,"Paypal Holdings, Inc",Bank account or service,614
488,"Paypal Holdings, Inc",Bank account or service,188
489,"Paypal Holdings, Inc",Credit card,0
490,"Paypal Holdings, Inc",Credit card,529
491,"Paypal Holdings, Inc",Credit card,143
492,"Paypal Holdings, Inc",Credit reporting,0
493,"Paypal Holdings, Inc",Credit reporting,2
494,"Paypal Holdings, Inc",Credit reporting,1
495,"Paypal Holdings, Inc",Consumer Loan,0
496,"Paypal Holdings, Inc",Consumer Loan,121
497,"Paypal Holdings, Inc",Consumer Loan,46
498,"Paypal Holdings, Inc",Prepaid card,0
499,"Paypal Holdings, Inc",Prepaid card,299
500,"Paypal Holdings, Inc",Prepaid card,56
501,"Paypal Holdings, Inc",Money transfers,0
502,"Paypal Holdings, Inc",Money transfers,723
503,"Paypal Holdings, Inc",Money transfers,198
504,"Paypal Holdings, Inc",Other financial service,0
505,"Paypal Holdings, Inc",Other financial service,9
506,"Paypal Holdings, Inc",Other financial service,4
507,"Paypal Holdings, Inc",Payday loan,0
508,"Paypal Holdings, Inc",Payday loan,22
509,"Paypal Holdings, Inc",Payday loan,2
510,"Bread Financial Holdings, Inc.",Checking or savings account,0
511,"Bread Financial Holdings, Inc.",Checking or savings account,0
512,"Bread Financial Holdings, Inc.",Checking or savings account,0
513,"Bread Financial Holdings, Inc.",Credit card or prepaid card,0
514,"Bread Financial Holdings, Inc.",Credit card or prepaid card,0
515,"Bread Financial Holdings, Inc.",Credit card or prepaid card,0
516,"Bread Financial Holdings, Inc.","Credit reporting, credit repair services, or other personal consumer reports",0
517,"Bread Financial Holdings, Inc.","Credit reporting, credit repair services, or other personal consumer reports",0
518,"Bread Financial Holdings, Inc.","Credit reporting, credit repair services, or other personal consumer reports",0
519,"Bread Financial Holdings, Inc.",Debt collection,0
520,"Bread Financial Holdings, Inc.",Debt collection,132
521,"Bread Financial Holdings, Inc.",Debt collection,10
522,"Bread Financial Holdings, Inc.","Money transfer, virtual currency, or money service",0
523,"Bread Financial Holdings, Inc.","Money transfer, virtual currency, or money service",0
524,"Bread Financial Holdings, Inc.","Money transfer, virtual currency, or money service",0
525,"Bread Financial Holdings, Inc.",Student loan,0
526,"Bread Financial Holdings, Inc.",Student loan,0
527,"Bread Financial Holdings, Inc.",Student loan,0
528,"Bread Financial Holdings, Inc.",Vehicle loan or lease,0
529,"Bread Financial Holdings, Inc.",Vehicle loan or lease,0
530,"Bread Financial Holdings, Inc.",Vehicle loan or lease,0
531,"Bread Financial Holdings, Inc.",Mortgage,0
532,"Bread Financial Holdings, Inc.",Mortgage,0
533,"Bread Financial Holdings, Inc.",Mortgage,0
534,"Bread Financial Holdings, Inc.","Payday loan, title loan, or personal loan",0
535,"Bread Financial Holdings, Inc.","Payday loan, title loan, or personal loan",0
536,"Bread Financial Holdings, Inc.","Payday loan, title loan, or personal loan",0
537,"Bread Financial Holdings, Inc.",Bank account or service,0
538,"Bread Financial Holdings, Inc.",Bank account or service,30
539,"Bread Financial Holdings, Inc.",Bank account or service,2
540,"Bread Financial Holdings, Inc.",Credit card,0
541,"Bread Financial Holdings, Inc.",Credit card,340
542,"Bread Financial Holdings, Inc.",Credit card,63
543,"Bread Financial Holdings, Inc.",Credit reporting,0
544,"Bread Financial Holdings, Inc.",Credit reporting,35
545,"Bread Financial Holdings, Inc.",Credit reporting,2
546,"Bread Financial Holdings, Inc.",Consumer Loan,0
547,"Bread Financial Holdings, Inc.",Consumer Loan,23
548,"Bread Financial Holdings, Inc.",Consumer Loan,4
549,"Bread Financial Holdings, Inc.",Prepaid card,0
550,"Bread Financial Holdings, Inc.",Prepaid card,5
551,"Bread Financial Holdings, Inc.",Prepaid card,1
552,"Bread Financial Holdings, Inc.",Money transfers,0
553,"Bread Financial Holdings, Inc.",Money transfers,5
554,"Bread Financial Holdings, Inc.",Money transfers,1
555,"Bread Financial Holdings, Inc.",Other financial service,0
556,"Bread Financial Holdings, Inc.",Other financial service,1
557,"Bread Financial Holdings, Inc.",Other financial service,0
558,"Bread Financial Holdings, Inc.",Payday loan,0
559,"Bread Financial Holdings, Inc.",Payday loan,1
560,"Bread Financial Holdings, Inc.",Payday loan,0
561,TD BANK US HOLDING COMPANY,Checking or savings account,0
562,TD BANK US HOLDING COMPANY,Checking or savings account,1
563,TD BANK US HOLDING COMPANY,Checking or savings account,0
564,TD BANK US HOLDING COMPANY,Credit card or prepaid card,0
565,TD BANK US HOLDING COMPANY,Credit card or prepaid card,0
566,TD BANK US HOLDING COMPANY,Credit card or prepaid card,0
567,TD BANK US HOLDING COMPANY,"Credit reporting, credit repair services, or other personal consumer reports",0
568,TD BANK US HOLDING COMPANY,"Credit reporting, credit repair services, or other personal consumer reports",0
569,TD BANK US HOLDING COMPANY,"Credit reporting, credit repair services, or other personal consumer reports",0
570,TD BANK US HOLDING COMPANY,Debt collection,0
571,TD BANK US HOLDING COMPANY,Debt collection,229
572,TD BANK US HOLDING COMPANY,Debt collection,48
573,TD BANK US HOLDING COMPANY,"Money transfer, virtual currency, or money service",0
574,TD BANK US HOLDING COMPANY,"Money transfer, virtual currency, or money service",0
575,TD BANK US HOLDING COMPANY,"Money transfer, virtual currency, or money service",0
576,TD BANK US HOLDING COMPANY,Student loan,0
577,TD BANK US HOLDING COMPANY,Student loan,1
578,TD BANK US HOLDING COMPANY,Student loan,0
579,TD BANK US HOLDING COMPANY,Vehicle loan or lease,0
580,TD BANK US HOLDING COMPANY,Vehicle loan or lease,0
581,TD BANK US HOLDING COMPANY,Vehicle loan or lease,0
582,TD BANK US HOLDING COMPANY,Mortgage,0
583,TD BANK US HOLDING COMPANY,Mortgage,541
584,TD BANK US HOLDING COMPANY,Mortgage,228
585,TD BANK US HOLDING COMPANY,"Payday loan, title loan, or personal loan",0
586,TD BANK US HOLDING COMPANY,"Payday loan, title loan, or personal loan",0
587,TD BANK US HOLDING COMPANY,"Payday loan, title loan, or personal loan",0
588,TD BANK US HOLDING COMPANY,Bank account or service,0
589,TD BANK US HOLDING COMPANY,Bank account or service,2513
590,TD BANK US HOLDING COMPANY,Bank account or service,547
591,TD BANK US HOLDING COMPANY,Credit card,0
592,TD BANK US HOLDING COMPANY,Credit card,994
593,TD BANK US HOLDING COMPANY,Credit card,309
594,TD BANK US HOLDING COMPANY,Credit reporting,0
595,TD BANK US HOLDING COMPANY,Credit reporting,35
596,TD BANK US HOLDING COMPANY,Credit reporting,6
597,TD BANK US HOLDING COMPANY,Consumer Loan,0
598,TD BANK US HOLDING COMPANY,Consumer Loan,328
599,TD BANK US HOLDING COMPANY,Consumer Loan,105
600,TD BANK US HOLDING COMPANY,Prepaid card,0
601,TD BANK US HOLDING COMPANY,Prepaid card,12
602,TD BANK US HOLDING COMPANY,Prepaid card,1
603,TD BANK US HOLDING COMPANY,Money transfers,0
604,TD BANK US HOLDING COMPANY,Money transfers,27
605,TD BANK US HOLDING COMPANY,Money transfers,9
606,TD BANK US HOLDING COMPANY,Other financial service,0
607,TD BANK US HOLDING COMPANY,Other financial service,7
608,TD BANK US HOLDING COMPANY,Other financial service,4
609,TD BANK US HOLDING COMPANY,Payday loan,0
610,TD BANK US HOLDING COMPANY,Payday loan,0
611,TD BANK US HOLDING COMPANY,Payday loan,1
612,ENCORE CAPITAL GROUP INC.,Checking or savings account,0
613,ENCORE CAPITAL GROUP INC.,Checking or savings account,0
614,ENCORE CAPITAL GROUP INC.,Checking or savings account,0
615,ENCORE CAPITAL GROUP INC.,Credit card or prepaid card,0
616,ENCORE CAPITAL GROUP INC.,Credit card or prepaid card,0
617,ENCORE CAPITAL GROUP INC.,Credit card or prepaid card,0
618,ENCORE CAPITAL GROUP INC.,"Credit reporting, credit repair services, or other personal consumer reports",0
619,ENCORE CAPITAL GROUP INC.,"Credit reporting, credit repair services, or other personal consumer reports",0
620,ENCORE CAPITAL GROUP INC.,"Credit reporting, credit repair services, or other personal consumer reports",0
621,ENCORE CAPITAL GROUP INC.,Debt collection,0
622,ENCORE CAPITAL GROUP INC.,Debt collection,6078
623,ENCORE CAPITAL GROUP INC.,Debt collection,1360
624,ENCORE CAPITAL GROUP INC.,"Money transfer, virtual currency, or money service",0
625,ENCORE CAPITAL GROUP INC.,"Money transfer, virtual currency, or money service",0
626,ENCORE CAPITAL GROUP INC.,"Money transfer, virtual currency, or money service",0
627,ENCORE CAPITAL GROUP INC.,Student loan,0
628,ENCORE CAPITAL GROUP INC.,Student loan,1
629,ENCORE CAPITAL GROUP INC.,Student loan,0
630,ENCORE CAPITAL GROUP INC.,Vehicle loan or lease,0
631,ENCORE CAPITAL GROUP INC.,Vehicle loan or lease,0
632,ENCORE CAPITAL GROUP INC.,Vehicle loan or lease,0
633,ENCORE CAPITAL GROUP INC.,Mortgage,0
634,ENCORE CAPITAL GROUP INC.,Mortgage,9
635,ENCORE CAPITAL GROUP INC.,Mortgage,2
636,ENCORE CAPITAL GROUP INC.,"Payday loan, title loan, or personal loan",0
637,ENCORE CAPITAL GROUP INC.,"Payday loan, title loan, or personal loan",0
638,ENCORE CAPITAL GROUP INC.,"Payday loan, title loan, or personal loan",0
639,ENCORE CAPITAL GROUP INC.,Bank account or service,0
640,ENCORE CAPITAL GROUP INC.,Bank account or service,14
641,ENCORE CAPITAL GROUP INC.,Bank account or service,4
642,ENCORE CAPITAL GROUP INC.,Credit card,0
643,ENCORE CAPITAL GROUP INC.,Credit card,149
644,ENCORE CAPITAL GROUP INC.,Credit card,29
645,ENCORE CAPITAL GROUP INC.,Credit reporting,0
646,ENCORE CAPITAL GROUP INC.,Credit reporting,90
647,ENCORE CAPITAL GROUP INC.,Credit reporting,17
648,ENCORE CAPITAL GROUP INC.,Consumer Loan,0
649,ENCORE CAPITAL GROUP INC.,Consumer Loan,62
650,ENCORE CAPITAL GROUP INC.,Consumer Loan,18
651,ENCORE CAPITAL GROUP INC.,Prepaid card,0
652,ENCORE CAPITAL GROUP INC.,Prepaid card,2
653,ENCORE CAPITAL GROUP INC.,Prepaid card,0
654,ENCORE CAPITAL GROUP INC.,Money transfers,0
655,ENCORE CAPITAL GROUP INC.,Money transfers,0
656,ENCORE CAPITAL GROUP INC.,Money transfers,0
657,ENCORE CAPITAL GROUP INC.,Other financial service,0
658,ENCORE CAPITAL GROUP INC.,Other financial service,2
659,ENCORE CAPITAL GROUP INC.,Other financial service,1
660,ENCORE CAPITAL GROUP INC.,Payday loan,0
661,ENCORE CAPITAL GROUP INC.,Payday loan,5
662,ENCORE CAPITAL GROUP INC.,Payday loan,0
663,DISCOVER BANK,Checking or savings account,0
664,DISCOVER BANK,Checking or savings account,0
665,DISCOVER BANK,Checking or savings account,0
666,DISCOVER BANK,Credit card or prepaid card,0
667,DISCOVER BANK,Credit card or prepaid card,0
668,DISCOVER BANK,Credit card or prepaid card,0
669,DISCOVER BANK,"Credit reporting, credit repair services, or other personal consumer reports",0
670,DISCOVER BANK,"Credit reporting, credit repair services, or other personal consumer reports",0
671,DISCOVER BANK,"Credit reporting, credit repair services, or other personal consumer reports",0
672,DISCOVER BANK,Debt collection,0
673,DISCOVER BANK,Debt collection,523
674,DISCOVER BANK,Debt collection,98
675,DISCOVER BANK,"Money transfer, virtual currency, or money service",0
676,DISCOVER BANK,"Money transfer, virtual currency, or money service",0
677,DISCOVER BANK,"Money transfer, virtual currency, or money service",0
678,DISCOVER BANK,Student loan,0
679,DISCOVER BANK,Student loan,652
680,DISCOVER BANK,Student loan,144
681,DISCOVER BANK,Vehicle loan or lease,0
682,DISCOVER BANK,Vehicle loan or lease,0
683,DISCOVER BANK,Vehicle loan or lease,0
684,DISCOVER BANK,Mortgage,0
685,DISCOVER BANK,Mortgage,52
686,DISCOVER BANK,Mortgage,15
687,DISCOVER BANK,"Payday loan, title loan, or personal loan",0
688,DISCOVER BANK,"Payday loan, title loan, or personal loan",0
689,DISCOVER BANK,"Payday loan, title loan, or personal loan",0
690,DISCOVER BANK,Bank account or service,0
691,DISCOVER BANK,Bank account or service,373
692,DISCOVER BANK,Bank account or service,114
693,DISCOVER BANK,Credit card,0
694,DISCOVER BANK,Credit card,3348
695,DISCOVER BANK,Credit card,916
696,DISCOVER BANK,Credit reporting,0
697,DISCOVER BANK,Credit reporting,58
698,DISCOVER BANK,Credit reporting,11
699,DISCOVER BANK,Consumer Loan,0
700,DISCOVER BANK,Consumer Loan,89
701,DISCOVER BANK,Consumer Loan,34
702,DISCOVER BANK,Prepaid card,0
703,DISCOVER BANK,Prepaid card,2
704,DISCOVER BANK,Prepaid card,0
705,DISCOVER BANK,Money transfers,0
706,DISCOVER BANK,Money transfers,8
707,DISCOVER BANK,Money transfers,2
708,DISCOVER BANK,Other financial service,0
709,DISCOVER BANK,Other financial service,1
710,DISCOVER BANK,Other financial service,1
711,DISCOVER BANK,Payday loan,0
712,DISCOVER BANK,Payday loan,0
713,DISCOVER BANK,Payday loan,0
714,PNC Bank N.A.,Checking or savings account,0
715,PNC Bank N.A.,Checking or savings account,0
716,PNC Bank N.A.,Checking or savings account,0
717,PNC Bank N.A.,Credit card or prepaid card,0
718,PNC Bank N.A.,Credit card or prepaid card,0
719,PNC Bank N.A.,Credit card or prepaid card,0
720,PNC Bank N.A.,"Credit reporting, credit repair services, or other personal consumer reports",0
721,PNC Bank N.A.,"Credit reporting, credit repair services, or other personal consumer reports",0
722,PNC Bank N.A.,"Credit reporting, credit repair services, or other personal consumer reports",0
723,PNC Bank N.A.,Debt collection,0
724,PNC Bank N.A.,Debt collection,140
725,PNC Bank N.A.,Debt collection,23
726,PNC Bank N.A.,"Money transfer, virtual currency, or money service",0
727,PNC Bank N.A.,"Money transfer, virtual currency, or money service",0
728,PNC Bank N.A.,"Money transfer, virtual currency, or money service",0
729,PNC Bank N.A.,Student loan,0
730,PNC Bank N.A.,Student loan,60
731,PNC Bank N.A.,Student loan,15
732,PNC Bank N.A.,Vehicle loan or lease,0
733,PNC Bank N.A.,Vehicle loan or lease,0
734,PNC Bank N.A.,Vehicle loan or lease,0
735,PNC Bank N.A.,Mortgage,0
736,PNC Bank N.A.,Mortgage,3188
737,PNC Bank N.A.,Mortgage,824
738,PNC Bank N.A.,"Payday loan, title loan, or personal loan",0
739,PNC Bank N.A.,"Payday loan, title loan, or personal loan",0
740,PNC Bank N.A.,"Payday loan, title loan, or personal loan",0
741,PNC Bank N.A.,Bank account or service,0
742,PNC Bank N.A.,Bank account or service,2997
743,PNC Bank N.A.,Bank account or service,493
744,PNC Bank N.A.,Credit card,0
745,PNC Bank N.A.,Credit card,409
746,PNC Bank N.A.,Credit card,85
747,PNC Bank N.A.,Credit reporting,0
748,PNC Bank N.A.,Credit reporting,27
749,PNC Bank N.A.,Credit reporting,2
750,PNC Bank N.A.,Consumer Loan,0
751,PNC Bank N.A.,Consumer Loan,274
752,PNC Bank N.A.,Consumer Loan,61
753,PNC Bank N.A.,Prepaid card,0
754,PNC Bank N.A.,Prepaid card,11
755,PNC Bank N.A.,Prepaid card,2
756,PNC Bank N.A.,Money transfers,0
757,PNC Bank N.A.,Money transfers,36
758,PNC Bank N.A.,Money transfers,3
759,PNC Bank N.A.,Other financial service,0
760,PNC Bank N.A.,Other financial service,12
761,PNC Bank N.A.,Other financial service,0
762,PNC Bank N.A.,Payday loan,0
763,PNC Bank N.A.,Payday loan,3
764,PNC Bank N.A.,Payday loan,1
765,PORTFOLIO RECOVERY ASSOCIATES INC,Checking or savings account,0
766,PORTFOLIO RECOVERY ASSOCIATES INC,Checking or savings account,0
767,PORTFOLIO RECOVERY ASSOCIATES INC,Checking or savings account,0
768,PORTFOLIO RECOVERY ASSOCIATES INC,Credit card or prepaid card,0
769,PORTFOLIO RECOVERY ASSOCIATES INC,Credit card or prepaid card,0
770,PORTFOLIO RECOVERY ASSOCIATES INC,Credit card or prepaid card,0
771,PORTFOLIO RECOVERY ASSOCIATES INC,"Credit reporting, credit repair services, or other personal consumer reports",0
772,PORTFOLIO RECOVERY ASSOCIATES INC,"Credit reporting, credit repair services, or other personal consumer reports",0
773,PORTFOLIO RECOVERY ASSOCIATES INC,"Credit reporting, credit repair services, or other personal consumer reports",0
774,PORTFOLIO RECOVERY ASSOCIATES INC,Debt collection,0
775,PORTFOLIO RECOVERY ASSOCIATES INC,Debt collection,3835
776,PORTFOLIO RECOVERY ASSOCIATES INC,Debt collection,1071
777,PORTFOLIO RECOVERY ASSOCIATES INC,"Money transfer, virtual currency, or money service",0
778,PORTFOLIO RECOVERY ASSOCIATES INC,"Money transfer, virtual currency, or money service",0
779,PORTFOLIO RECOVERY ASSOCIATES INC,"Money transfer, virtual currency, or money service",0
780,PORTFOLIO RECOVERY ASSOCIATES INC,Student loan,0
781,PORTFOLIO RECOVERY ASSOCIATES INC,Student loan,2
782,PORTFOLIO RECOVERY ASSOCIATES INC,Student loan,0
783,PORTFOLIO RECOVERY ASSOCIATES INC,Vehicle loan or lease,0
784,PORTFOLIO RECOVERY ASSOCIATES INC,Vehicle loan or lease,0
785,PORTFOLIO RECOVERY ASSOCIATES INC,Vehicle loan or lease,0
786,PORTFOLIO RECOVERY ASSOCIATES INC,Mortgage,0
787,PORTFOLIO RECOVERY ASSOCIATES INC,Mortgage,7
788,PORTFOLIO RECOVERY ASSOCIATES INC,Mortgage,0
789,PORTFOLIO RECOVERY ASSOCIATES INC,"Payday loan, title loan, or personal loan",0
790,PORTFOLIO RECOVERY ASSOCIATES INC,"Payday loan, title loan, or personal loan",0
791,PORTFOLIO RECOVERY ASSOCIATES INC,"Payday loan, title loan, or personal loan",0
792,PORTFOLIO RECOVERY ASSOCIATES INC,Bank account or service,0
793,PORTFOLIO RECOVERY ASSOCIATES INC,Bank account or service,9
794,PORTFOLIO RECOVERY ASSOCIATES INC,Bank account or service,0
795,PORTFOLIO RECOVERY ASSOCIATES INC,Credit card,0
796,PORTFOLIO RECOVERY ASSOCIATES INC,Credit card,75
797,PORTFOLIO RECOVERY ASSOCIATES INC,Credit card,28
798,PORTFOLIO RECOVERY ASSOCIATES INC,Credit reporting,0
799,PORTFOLIO RECOVERY ASSOCIATES INC,Credit reporting,63
800,PORTFOLIO RECOVERY ASSOCIATES INC,Credit reporting,17
801,PORTFOLIO RECOVERY ASSOCIATES INC,Consumer Loan,0
802,PORTFOLIO RECOVERY ASSOCIATES INC,Consumer Loan,37
803,PORTFOLIO RECOVERY ASSOCIATES INC,Consumer Loan,10
804,PORTFOLIO RECOVERY ASSOCIATES INC,Prepaid card,0
805,PORTFOLIO RECOVERY ASSOCIATES INC,Prepaid card,1
806,PORTFOLIO RECOVERY ASSOCIATES INC,Prepaid card,0
807,PORTFOLIO RECOVERY ASSOCIATES INC,Money transfers,0
808,PORTFOLIO RECOVERY ASSOCIATES INC,Money transfers,0
809,PORTFOLIO RECOVERY ASSOCIATES INC,Money transfers,0
810,PORTFOLIO RECOVERY ASSOCIATES INC,Other financial service,0
811,PORTFOLIO RECOVERY ASSOCIATES INC,Other financial service,0
812,PORTFOLIO RECOVERY ASSOCIATES INC,Other financial service,0
813,PORTFOLIO RECOVERY ASSOCIATES INC,Payday loan,0
814,PORTFOLIO RECOVERY ASSOCIATES INC,Payday loan,3
815,PORTFOLIO RECOVERY ASSOCIATES INC,Payday loan,1
816,AMERICAN EXPRESS COMPANY,Checking or savings account,0
817,AMERICAN EXPRESS COMPANY,Checking or savings account,0
818,AMERICAN EXPRESS COMPANY,Checking or savings account,0
819,AMERICAN EXPRESS COMPANY,Credit card or prepaid card,0
820,AMERICAN EXPRESS COMPANY,Credit card or prepaid card,0
821,AMERICAN EXPRESS COMPANY,Credit card or prepaid card,0
822,AMERICAN EXPRESS COMPANY,"Credit reporting, credit repair services, or other personal consumer reports",0
823,AMERICAN EXPRESS COMPANY,"Credit reporting, credit repair services, or other personal consumer reports",0
824,AMERICAN EXPRESS COMPANY,"Credit reporting, credit repair services, or other personal consumer reports",0
825,AMERICAN EXPRESS COMPANY,Debt collection,0
826,AMERICAN EXPRESS COMPANY,Debt collection,352
827,AMERICAN EXPRESS COMPANY,Debt collection,82
828,AMERICAN EXPRESS COMPANY,"Money transfer, virtual currency, or money service",0
829,AMERICAN EXPRESS COMPANY,"Money transfer, virtual currency, or money service",0
830,AMERICAN EXPRESS COMPANY,"Money transfer, virtual currency, or money service",0
831,AMERICAN EXPRESS COMPANY,Student loan,0
832,AMERICAN EXPRESS COMPANY,Student loan,1
833,AMERICAN EXPRESS COMPANY,Student loan,0
834,AMERICAN EXPRESS COMPANY,Vehicle loan or lease,0
835,AMERICAN EXPRESS COMPANY,Vehicle loan or lease,0
836,AMERICAN EXPRESS COMPANY,Vehicle loan or lease,0
837,AMERICAN EXPRESS COMPANY,Mortgage,0
838,AMERICAN EXPRESS COMPANY,Mortgage,3
839,AMERICAN EXPRESS COMPANY,Mortgage,3
840,AMERICAN EXPRESS COMPANY,"Payday loan, title loan, or personal loan",0
841,AMERICAN EXPRESS COMPANY,"Payday loan, title loan, or personal loan",0
842,AMERICAN EXPRESS COMPANY,"Payday loan, title loan, or personal loan",0
843,AMERICAN EXPRESS COMPANY,Bank account or service,0
844,AMERICAN EXPRESS COMPANY,Bank account or service,347
845,AMERICAN EXPRESS COMPANY,Bank account or service,100
846,AMERICAN EXPRESS COMPANY,Credit card,0
847,AMERICAN EXPRESS COMPANY,Credit card,4777
848,AMERICAN EXPRESS COMPANY,Credit card,1892
849,AMERICAN EXPRESS COMPANY,Credit reporting,0
850,AMERICAN EXPRESS COMPANY,Credit reporting,45
851,AMERICAN EXPRESS COMPANY,Credit reporting,9
852,AMERICAN EXPRESS COMPANY,Consumer Loan,0
853,AMERICAN EXPRESS COMPANY,Consumer Loan,14
854,AMERICAN EXPRESS COMPANY,Consumer Loan,3
855,AMERICAN EXPRESS COMPANY,Prepaid card,0
856,AMERICAN EXPRESS COMPANY,Prepaid card,484
857,AMERICAN EXPRESS COMPANY,Prepaid card,154
858,AMERICAN EXPRESS COMPANY,Money transfers,0
859,AMERICAN EXPRESS COMPANY,Money transfers,10
860,AMERICAN EXPRESS COMPANY,Money transfers,1
861,AMERICAN EXPRESS COMPANY,Other financial service,0
862,AMERICAN EXPRESS COMPANY,Other financial service,12
863,AMERICAN EXPRESS COMPANY,Other financial service,9
864,AMERICAN EXPRESS COMPANY,Payday loan,0
865,AMERICAN EXPRESS COMPANY,Payday loan,0
866,AMERICAN EXPRESS COMPANY,Payday loan,0
867,NATIONSTAR MORTGAGE,Checking or savings account,0
868,NATIONSTAR MORTGAGE,Checking or savings account,0
869,NATIONSTAR MORTGAGE,Checking or savings account,0
870,NATIONSTAR MORTGAGE,Credit card or prepaid card,0
871,NATIONSTAR MORTGAGE,Credit card or prepaid card,0
872,NATIONSTAR MORTGAGE,Credit card or prepaid card,0
873,NATIONSTAR MORTGAGE,"Credit reporting, credit repair services, or other personal consumer reports",0
874,NATIONSTAR MORTGAGE,"Credit reporting, credit repair services, or other personal consumer reports",0
875,NATIONSTAR MORTGAGE,"Credit reporting, credit repair services, or other personal consumer reports",0
876,NATIONSTAR MORTGAGE,Debt collection,0
877,NATIONSTAR MORTGAGE,Debt collection,249
878,NATIONSTAR MORTGAGE,Debt collection,93
879,NATIONSTAR MORTGAGE,"Money transfer, virtual currency, or money service",0
880,NATIONSTAR MORTGAGE,"Money transfer, virtual currency, or money service",0
881,NATIONSTAR MORTGAGE,"Money transfer, virtual currency, or money service",0
882,NATIONSTAR MORTGAGE,Student loan,0
883,NATIONSTAR MORTGAGE,Student loan,0
884,NATIONSTAR MORTGAGE,Student loan,0
885,NATIONSTAR MORTGAGE,Vehicle loan or lease,0
886,NATIONSTAR MORTGAGE,Vehicle loan or lease,0
887,NATIONSTAR MORTGAGE,Vehicle loan or lease,0
888,NATIONSTAR MORTGAGE,Mortgage,0
889,NATIONSTAR MORTGAGE,Mortgage,12161
890,NATIONSTAR MORTGAGE,Mortgage,3659
891,NATIONSTAR MORTGAGE,"Payday loan, title loan, or personal loan",0
892,NATIONSTAR MORTGAGE,"Payday loan, title loan, or personal loan",0
893,NATIONSTAR MORTGAGE,"Payday loan, title loan, or personal loan",0
894,NATIONSTAR MORTGAGE,Bank account or service,0
895,NATIONSTAR MORTGAGE,Bank account or service,23
896,NATIONSTAR MORTGAGE,Bank account or service,6
897,NATIONSTAR MORTGAGE,Credit card,0
898,NATIONSTAR MORTGAGE,Credit card,0
899,NATIONSTAR MORTGAGE,Credit card,0
900,NATIONSTAR MORTGAGE,Credit reporting,0
901,NATIONSTAR MORTGAGE,Credit reporting,12
902,NATIONSTAR MORTGAGE,Credit reporting,4
903,NATIONSTAR MORTGAGE,Consumer Loan,0
904,NATIONSTAR MORTGAGE,Consumer Loan,12
905,NATIONSTAR MORTGAGE,Consumer Loan,1
906,NATIONSTAR MORTGAGE,Prepaid card,0
907,NATIONSTAR MORTGAGE,Prepaid card,0
908,NATIONSTAR MORTGAGE,Prepaid card,0
909,NATIONSTAR MORTGAGE,Money transfers,0
910,NATIONSTAR MORTGAGE,Money transfers,1
911,NATIONSTAR MORTGAGE,Money transfers,0
912,NATIONSTAR MORTGAGE,Other financial service,0
913,NATIONSTAR MORTGAGE,Other financial service,0
914,NATIONSTAR MORTGAGE,Other financial service,1
915,NATIONSTAR MORTGAGE,Payday loan,0
916,NATIONSTAR MORTGAGE,Payday loan,0
917,NATIONSTAR MORTGAGE,Payday loan,0
918,U.S. BANCORP,Checking or savings account,0
919,U.S. BANCORP,Checking or savings account,0
920,U.S. BANCORP,Checking or savings account,0
921,U.S. BANCORP,Credit card or prepaid card,0
922,U.S. BANCORP,Credit card or prepaid card,0
923,U.S. BANCORP,Credit card or prepaid card,0
924,U.S. BANCORP,"Credit reporting, credit repair services, or other personal consumer reports",0
925,U.S. BANCORP,"Credit reporting, credit repair services, or other personal consumer reports",0
926,U.S. BANCORP,"Credit reporting, credit repair services, or other personal consumer reports",0
927,U.S. BANCORP,Debt collection,0
928,U.S. BANCORP,Debt collection,403
929,U.S. BANCORP,Debt collection,81
930,U.S. BANCORP,"Money transfer, virtual currency, or money service",0
931,U.S. BANCORP,"Money transfer, virtual currency, or money service",0
932,U.S. BANCORP,"Money transfer, virtual currency, or money service",0
933,U.S. BANCORP,Student loan,0
934,U.S. BANCORP,Student loan,60
935,U.S. BANCORP,Student loan,17
936,U.S. BANCORP,Vehicle loan or lease,0
937,U.S. BANCORP,Vehicle loan or lease,0
938,U.S. BANCORP,Vehicle loan or lease,0
939,U.S. BANCORP,Mortgage,0
940,U.S. BANCORP,Mortgage,3533
941,U.S. BANCORP,Mortgage,1053
942,U.S. BANCORP,"Payday loan, title loan, or personal loan",0
943,U.S. BANCORP,"Payday loan, title loan, or personal loan",0
944,U.S. BANCORP,"Payday loan, title loan, or personal loan",0
945,U.S. BANCORP,Bank account or service,0
946,U.S. BANCORP,Bank account or service,2954
947,U.S. BANCORP,Bank account or service,772
948,U.S. BANCORP,Credit card,0
949,U.S. BANCORP,Credit card,1917
950,U.S. BANCORP,Credit card,531
951,U.S. BANCORP,Credit reporting,0
952,U.S. BANCORP,Credit reporting,51
953,U.S. BANCORP,Credit reporting,11
954,U.S. BANCORP,Consumer Loan,0
955,U.S. BANCORP,Consumer Loan,452
956,U.S. BANCORP,Consumer Loan,122
957,U.S. BANCORP,Prepaid card,0
958,U.S. BANCORP,Prepaid card,272
959,U.S. BANCORP,Prepaid card,50
960,U.S. BANCORP,Money transfers,0
961,U.S. BANCORP,Money transfers,24
962,U.S. BANCORP,Money transfers,10
963,U.S. BANCORP,Other financial service,0
964,U.S. BANCORP,Other financial service,13
965,U.S. BANCORP,Other financial service,3
966,U.S. BANCORP,Payday loan,0
967,U.S. BANCORP,Payday loan,16
968,U.S. BANCORP,Payday loan,2
969,Ocwen Financial Corporation,Checking or savings account,0
970,Ocwen Financial Corporation,Checking or savings account,0
971,Ocwen Financial Corporation,Checking or savings account,0
972,Ocwen Financial Corporation,Credit card or prepaid card,0
973,Ocwen Financial Corporation,Credit card or prepaid card,0
974,Ocwen Financial Corporation,Credit card or prepaid card,0
975,Ocwen Financial Corporation,"Credit reporting, credit repair services, or other personal consumer reports",0
976,Ocwen Financial Corporation,"Credit reporting, credit repair services, or other personal consumer reports",0
977,Ocwen Financial Corporation,"Credit reporting, credit repair services, or other personal consumer reports",0
978,Ocwen Financial Corporation,Debt collection,0
979,Ocwen Financial Corporation,Debt collection,441
980,Ocwen Financial Corporation,Debt collection,161
981,Ocwen Financial Corporation,"Money transfer, virtual currency, or money service",0
982,Ocwen Financial Corporation,"Money transfer, virtual currency, or money service",0
983,Ocwen Financial Corporation,"Money transfer, virtual currency, or money service",0
984,Ocwen Financial Corporation,Student loan,0
985,Ocwen Financial Corporation,Student loan,1
986,Ocwen Financial Corporation,Student loan,0
987,Ocwen Financial Corporation,Vehicle loan or lease,0
988,Ocwen Financial Corporation,Vehicle loan or lease,0
989,Ocwen Financial Corporation,Vehicle loan or lease,0
990,Ocwen Financial Corporation,Mortgage,0
991,Ocwen Financial Corporation,Mortgage,17813
992,Ocwen Financial Corporation,Mortgage,5529
993,Ocwen Financial Corporation,"Payday loan, title loan, or personal loan",0
994,Ocwen Financial Corporation,"Payday loan, title loan, or personal loan",0
995,Ocwen Financial Corporation,"Payday loan, title loan, or personal loan",0
996,Ocwen Financial Corporation,Bank account or service,0
997,Ocwen Financial Corporation,Bank account or service,48
998,Ocwen Financial Corporation,Bank account or service,14
999,Ocwen Financial Corporation,Credit card,0
1000,Ocwen Financial Corporation,Credit card,6
1001,Ocwen Financial Corporation,Credit card,0
1002,Ocwen Financial Corporation,Credit reporting,0
1003,Ocwen Financial Corporation,Credit reporting,35
1004,Ocwen Financial Corporation,Credit reporting,7
1005,Ocwen Financial Corporation,Consumer Loan,0
1006,Ocwen Financial Corporation,Consumer Loan,24
1007,Ocwen Financial Corporation,Consumer Loan,8
1008,Ocwen Financial Corporation,Prepaid card,0
1009,Ocwen Financial Corporation,Prepaid card,0
1010,Ocwen Financial Corporation,Prepaid card,0
1011,Ocwen Financial Corporation,Money transfers,0
1012,Ocwen Financial Corporation,Money transfers,2
1013,Ocwen Financial Corporation,Money transfers,0
1014,Ocwen Financial Corporation,Other financial service,0
1015,Ocwen Financial Corporation,Other financial service,3
1016,Ocwen Financial Corporation,Other financial service,0
1017,Ocwen Financial Corporation,Payday loan,0
1018,Ocwen Financial Corporation,Payday loan,1
1019,Ocwen Financial Corporation,Payday loan,0
1020,"Navient Solutions, LLC.",Checking or savings account,0
1021,"Navient Solutions, LLC.",Checking or savings account,0
1022,"Navient Solutions, LLC.",Checking or savings account,0
1023,"Navient Solutions, LLC.",Credit card or prepaid card,0
1024,"Navient Solutions, LLC.",Credit card or prepaid card,0
1025,"Navient Solutions, LLC.",Credit card or prepaid card,0
1026,"Navient Solutions, LLC.","Credit reporting, credit repair services, or other personal consumer reports",0
1027,"Navient Solutions, LLC.","Credit reporting, credit repair services, or other personal consumer reports",0
1028,"Navient Solutions, LLC.","Credit reporting, credit repair services, or other personal consumer reports",0
1029,"Navient Solutions, LLC.",Debt collection,0
1030,"Navient Solutions, LLC.",Debt collection,1505
1031,"Navient Solutions, LLC.",Debt collection,328
1032,"Navient Solutions, LLC.","Money transfer, virtual currency, or money service",0
1033,"Navient Solutions, LLC.","Money transfer, virtual currency, or money service",0
1034,"Navient Solutions, LLC.","Money transfer, virtual currency, or money service",0
1035,"Navient Solutions, LLC.",Student loan,0
1036,"Navient Solutions, LLC.",Student loan,13332
1037,"Navient Solutions, LLC.",Student loan,2740
1038,"Navient Solutions, LLC.",Vehicle loan or lease,0
1039,"Navient Solutions, LLC.",Vehicle loan or lease,0
1040,"Navient Solutions, LLC.",Vehicle loan or lease,0
1041,"Navient Solutions, LLC.",Mortgage,0
1042,"Navient Solutions, LLC.",Mortgage,7
1043,"Navient Solutions, LLC.",Mortgage,0
1044,"Navient Solutions, LLC.","Payday loan, title loan, or personal loan",0
1045,"Navient Solutions, LLC.","Payday loan, title loan, or personal loan",0
1046,"Navient Solutions, LLC.","Payday loan, title loan, or personal loan",0
1047,"Navient Solutions, LLC.",Bank account or service,0
1048,"Navient Solutions, LLC.",Bank account or service,12
1049,"Navient Solutions, LLC.",Bank account or service,3
1050,"Navient Solutions, LLC.",Credit card,0
1051,"Navient Solutions, LLC.",Credit card,0
1052,"Navient Solutions, LLC.",Credit card,0
1053,"Navient Solutions, LLC.",Credit reporting,0
1054,"Navient Solutions, LLC.",Credit reporting,27
1055,"Navient Solutions, LLC.",Credit reporting,4
1056,"Navient Solutions, LLC.",Consumer Loan,0
1057,"Navient Solutions, LLC.",Consumer Loan,29
1058,"Navient Solutions, LLC.",Consumer Loan,7
1059,"Navient Solutions, LLC.",Prepaid card,0
1060,"Navient Solutions, LLC.",Prepaid card,0
1061,"Navient Solutions, LLC.",Prepaid card,0
1062,"Navient Solutions, LLC.",Money transfers,0
1063,"Navient Solutions, LLC.",Money transfers,0
1064,"Navient Solutions, LLC.",Money transfers,0
1065,"Navient Solutions, LLC.",Other financial service,0
1066,"Navient Solutions, LLC.",Other financial service,7
1067,"Navient Solutions, LLC.",Other financial service,0
1068,"Navient Solutions, LLC.",Payday loan,0
1069,"Navient Solutions, LLC.",Payday loan,0
1070,"Navient Solutions, LLC.",Payday loan,1
1071,SYNCHRONY FINANCIAL,Checking or savings account,0
1072,SYNCHRONY FINANCIAL,Checking or savings account,0
1073,SYNCHRONY FINANCIAL,Checking or savings account,0
1074,SYNCHRONY FINANCIAL,Credit card or prepaid card,0
1075,SYNCHRONY FINANCIAL,Credit card or prepaid card,0
1076,SYNCHRONY FINANCIAL,Credit card or prepaid card,0
1077,SYNCHRONY FINANCIAL,"Credit reporting, credit repair services, or other personal consumer reports",0
1078,SYNCHRONY FINANCIAL,"Credit reporting, credit repair services, or other personal consumer reports",0
1079,SYNCHRONY FINANCIAL,"Credit reporting, credit repair services, or other personal consumer reports",0
1080,SYNCHRONY FINANCIAL,Debt collection,0
1081,SYNCHRONY FINANCIAL,Debt collection,2029
1082,SYNCHRONY FINANCIAL,Debt collection,321
1083,SYNCHRONY FINANCIAL,"Money transfer, virtual currency, or money service",0
1084,SYNCHRONY FINANCIAL,"Money transfer, virtual currency, or money service",0
1085,SYNCHRONY FINANCIAL,"Money transfer, virtual currency, or money service",0
1086,SYNCHRONY FINANCIAL,Student loan,0
1087,SYNCHRONY FINANCIAL,Student loan,0
1088,SYNCHRONY FINANCIAL,Student loan,1
1089,SYNCHRONY FINANCIAL,Vehicle loan or lease,0
1090,SYNCHRONY FINANCIAL,Vehicle loan or lease,0
1091,SYNCHRONY FINANCIAL,Vehicle loan or lease,0
1092,SYNCHRONY FINANCIAL,Mortgage,0
1093,SYNCHRONY FINANCIAL,Mortgage,158
1094,SYNCHRONY FINANCIAL,Mortgage,46
1095,SYNCHRONY FINANCIAL,"Payday loan, title loan, or personal loan",0
1096,SYNCHRONY FINANCIAL,"Payday loan, title loan, or personal loan",0
1097,SYNCHRONY FINANCIAL,"Payday loan, title loan, or personal loan",0
1098,SYNCHRONY FINANCIAL,Bank account or service,0
1099,SYNCHRONY FINANCIAL,Bank account or service,628
1100,SYNCHRONY FINANCIAL,Bank account or service,118
1101,SYNCHRONY FINANCIAL,Credit card,0
1102,SYNCHRONY FINANCIAL,Credit card,7426
1103,SYNCHRONY FINANCIAL,Credit card,1353
1104,SYNCHRONY FINANCIAL,Credit reporting,0
1105,SYNCHRONY FINANCIAL,Credit reporting,156
1106,SYNCHRONY FINANCIAL,Credit reporting,27
1107,SYNCHRONY FINANCIAL,Consumer Loan,0
1108,SYNCHRONY FINANCIAL,Consumer Loan,586
1109,SYNCHRONY FINANCIAL,Consumer Loan,96
1110,SYNCHRONY FINANCIAL,Prepaid card,0
1111,SYNCHRONY FINANCIAL,Prepaid card,19
1112,SYNCHRONY FINANCIAL,Prepaid card,1
1113,SYNCHRONY FINANCIAL,Money transfers,0
1114,SYNCHRONY FINANCIAL,Money transfers,9
1115,SYNCHRONY FINANCIAL,Money transfers,0
1116,SYNCHRONY FINANCIAL,Other financial service,0
1117,SYNCHRONY FINANCIAL,Other financial service,4
1118,SYNCHRONY FINANCIAL,Other financial service,0
1119,SYNCHRONY FINANCIAL,Payday loan,0
1120,SYNCHRONY FINANCIAL,Payday loan,40
1121,SYNCHRONY FINANCIAL,Payday loan,2
1122,CAPITAL ONE FINANCIAL CORPORATION,Checking or savings account,0
1123,CAPITAL ONE FINANCIAL CORPORATION,Checking or savings account,0
1124,CAPITAL ONE FINANCIAL CORPORATION,Checking or savings account,0
1125,CAPITAL ONE FINANCIAL CORPORATION,Credit card or prepaid card,0
1126,CAPITAL ONE FINANCIAL CORPORATION,Credit card or prepaid card,0
1127,CAPITAL ONE FINANCIAL CORPORATION,Credit card or prepaid card,0
1128,CAPITAL ONE FINANCIAL CORPORATION,"Credit reporting, credit repair services, or other personal consumer reports",0
1129,CAPITAL ONE FINANCIAL CORPORATION,"Credit reporting, credit repair services, or other personal consumer reports",0
1130,CAPITAL ONE FINANCIAL CORPORATION,"Credit reporting, credit repair services, or other personal consumer reports",0
1131,CAPITAL ONE FINANCIAL CORPORATION,Debt collection,0
1132,CAPITAL ONE FINANCIAL CORPORATION,Debt collection,1995
1133,CAPITAL ONE FINANCIAL CORPORATION,Debt collection,299
1134,CAPITAL ONE FINANCIAL CORPORATION,"Money transfer, virtual currency, or money service",0
1135,CAPITAL ONE FINANCIAL CORPORATION,"Money transfer, virtual currency, or money service",0
1136,CAPITAL ONE FINANCIAL CORPORATION,"Money transfer, virtual currency, or money service",0
1137,CAPITAL ONE FINANCIAL CORPORATION,Student loan,0
1138,CAPITAL ONE FINANCIAL CORPORATION,Student loan,2
1139,CAPITAL ONE FINANCIAL CORPORATION,Student loan,0
1140,CAPITAL ONE FINANCIAL CORPORATION,Vehicle loan or lease,0
1141,CAPITAL ONE FINANCIAL CORPORATION,Vehicle loan or lease,0
1142,CAPITAL ONE FINANCIAL CORPORATION,Vehicle loan or lease,0
1143,CAPITAL ONE FINANCIAL CORPORATION,Mortgage,0
1144,CAPITAL ONE FINANCIAL CORPORATION,Mortgage,745
1145,CAPITAL ONE FINANCIAL CORPORATION,Mortgage,258
1146,CAPITAL ONE FINANCIAL CORPORATION,"Payday loan, title loan, or personal loan",0
1147,CAPITAL ONE FINANCIAL CORPORATION,"Payday loan, title loan, or personal loan",0
1148,CAPITAL ONE FINANCIAL CORPORATION,"Payday loan, title loan, or personal loan",0
1149,CAPITAL ONE FINANCIAL CORPORATION,Bank account or service,0
1150,CAPITAL ONE FINANCIAL CORPORATION,Bank account or service,1946
1151,CAPITAL ONE FINANCIAL CORPORATION,Bank account or service,499
1152,CAPITAL ONE FINANCIAL CORPORATION,Credit card,0
1153,CAPITAL ONE FINANCIAL CORPORATION,Credit card,10640
1154,CAPITAL ONE FINANCIAL CORPORATION,Credit card,2280
1155,CAPITAL ONE FINANCIAL CORPORATION,Credit reporting,0
1156,CAPITAL ONE FINANCIAL CORPORATION,Credit reporting,330
1157,CAPITAL ONE FINANCIAL CORPORATION,Credit reporting,33
1158,CAPITAL ONE FINANCIAL CORPORATION,Consumer Loan,0
1159,CAPITAL ONE FINANCIAL CORPORATION,Consumer Loan,940
1160,CAPITAL ONE FINANCIAL CORPORATION,Consumer Loan,272
1161,CAPITAL ONE FINANCIAL CORPORATION,Prepaid card,0
1162,CAPITAL ONE FINANCIAL CORPORATION,Prepaid card,18
1163,CAPITAL ONE FINANCIAL CORPORATION,Prepaid card,3
1164,CAPITAL ONE FINANCIAL CORPORATION,Money transfers,0
1165,CAPITAL ONE FINANCIAL CORPORATION,Money transfers,25
1166,CAPITAL ONE FINANCIAL CORPORATION,Money transfers,6
1167,CAPITAL ONE FINANCIAL CORPORATION,Other financial service,0
1168,CAPITAL ONE FINANCIAL CORPORATION,Other financial service,13
1169,CAPITAL ONE FINANCIAL CORPORATION,Other financial service,5
1170,CAPITAL ONE FINANCIAL CORPORATION,Payday loan,0
1171,CAPITAL ONE FINANCIAL CORPORATION,Payday loan,5
1172,CAPITAL ONE FINANCIAL CORPORATION,Payday loan,0
1173,"CITIBANK, N.A.",Checking or savings account,0
1174,"CITIBANK, N.A.",Checking or savings account,0
1175,"CITIBANK, N.A.",Checking or savings account,0
1176,"CITIBANK, N.A.",Credit card or prepaid card,0
1177,"CITIBANK, N.A.",Credit card or prepaid card,0
1178,"CITIBANK, N.A.",Credit card or prepaid card,0
1179,"CITIBANK, N.A.","Credit reporting, credit repair services, or other personal consumer reports",0
1180,"CITIBANK, N.A.","Credit reporting, credit repair services, or other personal consumer reports",0
1181,"CITIBANK, N.A.","Credit reporting, credit repair services, or other personal consumer reports",0
1182,"CITIBANK, N.A.",Debt collection,0
1183,"CITIBANK, N.A.",Debt collection,2311
1184,"CITIBANK, N.A.",Debt collection,445
1185,"CITIBANK, N.A.","Money transfer, virtual currency, or money service",0
1186,"CITIBANK, N.A.","Money transfer, virtual currency, or money service",0
1187,"CITIBANK, N.A.","Money transfer, virtual currency, or money service",0
1188,"CITIBANK, N.A.",Student loan,0
1189,"CITIBANK, N.A.",Student loan,459
1190,"CITIBANK, N.A.",Student loan,142
1191,"CITIBANK, N.A.",Vehicle loan or lease,0
1192,"CITIBANK, N.A.",Vehicle loan or lease,0
1193,"CITIBANK, N.A.",Vehicle loan or lease,0
1194,"CITIBANK, N.A.",Mortgage,0
1195,"CITIBANK, N.A.",Mortgage,6884
1196,"CITIBANK, N.A.",Mortgage,1864
1197,"CITIBANK, N.A.","Payday loan, title loan, or personal loan",0
1198,"CITIBANK, N.A.","Payday loan, title loan, or personal loan",0
1199,"CITIBANK, N.A.","Payday loan, title loan, or personal loan",0
1200,"CITIBANK, N.A.",Bank account or service,0
1201,"CITIBANK, N.A.",Bank account or service,3709
1202,"CITIBANK, N.A.",Bank account or service,741
1203,"CITIBANK, N.A.",Credit card,0
1204,"CITIBANK, N.A.",Credit card,13563
1205,"CITIBANK, N.A.",Credit card,3254
1206,"CITIBANK, N.A.",Credit reporting,0
1207,"CITIBANK, N.A.",Credit reporting,214
1208,"CITIBANK, N.A.",Credit reporting,53
1209,"CITIBANK, N.A.",Consumer Loan,0
1210,"CITIBANK, N.A.",Consumer Loan,627
1211,"CITIBANK, N.A.",Consumer Loan,138
1212,"CITIBANK, N.A.",Prepaid card,0
1213,"CITIBANK, N.A.",Prepaid card,169
1214,"CITIBANK, N.A.",Prepaid card,37
1215,"CITIBANK, N.A.",Money transfers,0
1216,"CITIBANK, N.A.",Money transfers,88
1217,"CITIBANK, N.A.",Money transfers,14
1218,"CITIBANK, N.A.",Other financial service,0
1219,"CITIBANK, N.A.",Other financial service,29
1220,"CITIBANK, N.A.",Other financial service,5
1221,"CITIBANK, N.A.",Payday loan,0
1222,"CITIBANK, N.A.",Payday loan,18
1223,"CITIBANK, N.A.",Payday loan,4
1224,JPMORGAN CHASE & CO.,Checking or savings account,0
1225,JPMORGAN CHASE & CO.,Checking or savings account,0
1226,JPMORGAN CHASE & CO.,Checking or savings account,0
1227,JPMORGAN CHASE & CO.,Credit card or prepaid card,0
1228,JPMORGAN CHASE & CO.,Credit card or prepaid card,0
1229,JPMORGAN CHASE & CO.,Credit card or prepaid card,0
1230,JPMORGAN CHASE & CO.,"Credit reporting, credit repair services, or other personal consumer reports",0
1231,JPMORGAN CHASE & CO.,"Credit reporting, credit repair services, or other personal consumer reports",0
1232,JPMORGAN CHASE & CO.,"Credit reporting, credit repair services, or other personal consumer reports",0
1233,JPMORGAN CHASE & CO.,Debt collection,0
1234,JPMORGAN CHASE & CO.,Debt collection,1417
1235,JPMORGAN CHASE & CO.,Debt collection,340
1236,JPMORGAN CHASE & CO.,"Money transfer, virtual currency, or money service",0
1237,JPMORGAN CHASE & CO.,"Money transfer, virtual currency, or money service",0
1238,JPMORGAN CHASE & CO.,"Money transfer, virtual currency, or money service",0
1239,JPMORGAN CHASE & CO.,Student loan,0
1240,JPMORGAN CHASE & CO.,Student loan,651
1241,JPMORGAN CHASE & CO.,Student loan,148
1242,JPMORGAN CHASE & CO.,Vehicle loan or lease,0
1243,JPMORGAN CHASE & CO.,Vehicle loan or lease,0
1244,JPMORGAN CHASE & CO.,Vehicle loan or lease,0
1245,JPMORGAN CHASE & CO.,Mortgage,0
1246,JPMORGAN CHASE & CO.,Mortgage,14376
1247,JPMORGAN CHASE & CO.,Mortgage,3962
1248,JPMORGAN CHASE & CO.,"Payday loan, title loan, or personal loan",0
1249,JPMORGAN CHASE & CO.,"Payday loan, title loan, or personal loan",0
1250,JPMORGAN CHASE & CO.,"Payday loan, title loan, or personal loan",0
1251,JPMORGAN CHASE & CO.,Bank account or service,0
1252,JPMORGAN CHASE & CO.,Bank account or service,7597
1253,JPMORGAN CHASE & CO.,Bank account or service,2219
1254,JPMORGAN CHASE & CO.,Credit card,0
1255,JPMORGAN CHASE & CO.,Credit card,7886
1256,JPMORGAN CHASE & CO.,Credit card,2487
1257,JPMORGAN CHASE & CO.,Credit reporting,0
1258,JPMORGAN CHASE & CO.,Credit reporting,171
1259,JPMORGAN CHASE & CO.,Credit reporting,21
1260,JPMORGAN CHASE & CO.,Consumer Loan,0
1261,JPMORGAN CHASE & CO.,Consumer Loan,773
1262,JPMORGAN CHASE & CO.,Consumer Loan,256
1263,JPMORGAN CHASE & CO.,Prepaid card,0
1264,JPMORGAN CHASE & CO.,Prepaid card,24
1265,JPMORGAN CHASE & CO.,Prepaid card,8
1266,JPMORGAN CHASE & CO.,Money transfers,0
1267,JPMORGAN CHASE & CO.,Money transfers,162
1268,JPMORGAN CHASE & CO.,Money transfers,66
1269,JPMORGAN CHASE & CO.,Other financial service,0
1270,JPMORGAN CHASE & CO.,Other financial service,47
1271,JPMORGAN CHASE & CO.,Other financial service,13
1272,JPMORGAN CHASE & CO.,Payday loan,0
1273,JPMORGAN CHASE & CO.,Payday loan,3
1274,JPMORGAN CHASE & CO.,Payday loan,3
1275,WELLS FARGO & COMPANY,Checking or savings account,0
1276,WELLS FARGO & COMPANY,Checking or savings account,1
1277,WELLS FARGO & COMPANY,Checking or savings account,0
1278,WELLS FARGO & COMPANY,Credit card or prepaid card,0
1279,WELLS FARGO & COMPANY,Credit card or prepaid card,0
1280,WELLS FARGO & COMPANY,Credit card or prepaid card,0
1281,WELLS FARGO & COMPANY,"Credit reporting, credit repair services, or other personal consumer reports",0
1282,WELLS FARGO & COMPANY,"Credit reporting, credit repair services, or other personal consumer reports",0
1283,WELLS FARGO & COMPANY,"Credit reporting, credit repair services, or other personal consumer reports",0
1284,WELLS FARGO & COMPANY,Debt collection,0
1285,WELLS FARGO & COMPANY,Debt collection,1055
1286,WELLS FARGO & COMPANY,Debt collection,261
1287,WELLS FARGO & COMPANY,"Money transfer, virtual currency, or money service",0
1288,WELLS FARGO & COMPANY,"Money transfer, virtual currency, or money service",0
1289,WELLS FARGO & COMPANY,"Money transfer, virtual currency, or money service",0
1290,WELLS FARGO & COMPANY,Student loan,0
1291,WELLS FARGO & COMPANY,Student loan,1010
1292,WELLS FARGO & COMPANY,Student loan,314
1293,WELLS FARGO & COMPANY,Vehicle loan or lease,0
1294,WELLS FARGO & COMPANY,Vehicle loan or lease,0
1295,WELLS FARGO & COMPANY,Vehicle loan or lease,0
1296,WELLS FARGO & COMPANY,Mortgage,0
1297,WELLS FARGO & COMPANY,Mortgage,23551
1298,WELLS FARGO & COMPANY,Mortgage,7072
1299,WELLS FARGO & COMPANY,"Payday loan, title loan, or personal loan",0
1300,WELLS FARGO & COMPANY,"Payday loan, title loan, or personal loan",0
1301,WELLS FARGO & COMPANY,"Payday loan, title loan, or personal loan",0
1302,WELLS FARGO & COMPANY,Bank account or service,0
1303,WELLS FARGO & COMPANY,Bank account or service,10724
1304,WELLS FARGO & COMPANY,Bank account or service,2609
1305,WELLS FARGO & COMPANY,Credit card,0
1306,WELLS FARGO & COMPANY,Credit card,3183
1307,WELLS FARGO & COMPANY,Credit card,858
1308,WELLS FARGO & COMPANY,Credit reporting,0
1309,WELLS FARGO & COMPANY,Credit reporting,132
1310,WELLS FARGO & COMPANY,Credit reporting,25
1311,WELLS FARGO & COMPANY,Consumer Loan,0
1312,WELLS FARGO & COMPANY,Consumer Loan,2023
1313,WELLS FARGO & COMPANY,Consumer Loan,505
1314,WELLS FARGO & COMPANY,Prepaid card,0
1315,WELLS FARGO & COMPANY,Prepaid card,34
1316,WELLS FARGO & COMPANY,Prepaid card,2
1317,WELLS FARGO & COMPANY,Money transfers,0
1318,WELLS FARGO & COMPANY,Money transfers,199
1319,WELLS FARGO & COMPANY,Money transfers,55
1320,WELLS FARGO & COMPANY,Other financial service,0
1321,WELLS FARGO & COMPANY,Other financial service,43
1322,WELLS FARGO & COMPANY,Other financial service,14
1323,WELLS FARGO & COMPANY,Payday loan,0
1324,WELLS FARGO & COMPANY,Payday loan,21
1325,WELLS FARGO & COMPANY,Payday loan,2
1326,"BANK OF AMERICA, NATIONAL ASSOCIATION",Checking or savings account,0
1327,"BANK OF AMERICA, NATIONAL ASSOCIATION",Checking or savings account,0
1328,"BANK OF AMERICA, NATIONAL ASSOCIATION",Checking or savings account,0
1329,"BANK OF AMERICA, NATIONAL ASSOCIATION",Credit card or prepaid card,0
1330,"BANK OF AMERICA, NATIONAL ASSOCIATION",Credit card or prepaid card,0
1331,"BANK OF AMERICA, NATIONAL ASSOCIATION",Credit card or prepaid card,0
1332,"BANK OF AMERICA, NATIONAL ASSOCIATION","Credit reporting, credit repair services, or other personal consumer reports",0
1333,"BANK OF AMERICA, NATIONAL ASSOCIATION","Credit reporting, credit repair services, or other personal consumer reports",0
1334,"BANK OF AMERICA, NATIONAL ASSOCIATION","Credit reporting, credit repair services, or other personal consumer reports",0
1335,"BANK OF AMERICA, NATIONAL ASSOCIATION",Debt collection,0
1336,"BANK OF AMERICA, NATIONAL ASSOCIATION",Debt collection,1290
1337,"BANK OF AMERICA, NATIONAL ASSOCIATION",Debt collection,363
1338,"BANK OF AMERICA, NATIONAL ASSOCIATION","Money transfer, virtual currency, or money service",0
1339,"BANK OF AMERICA, NATIONAL ASSOCIATION","Money transfer, virtual currency, or money service",0
1340,"BANK OF AMERICA, NATIONAL ASSOCIATION","Money transfer, virtual currency, or money service",0
1341,"BANK OF AMERICA, NATIONAL ASSOCIATION",Student loan,0
1342,"BANK OF AMERICA, NATIONAL ASSOCIATION",Student loan,80
1343,"BANK OF AMERICA, NATIONAL ASSOCIATION",Student loan,22
1344,"BANK OF AMERICA, NATIONAL ASSOCIATION",Vehicle loan or lease,0
1345,"BANK OF AMERICA, NATIONAL ASSOCIATION",Vehicle loan or lease,0
1346,"BANK OF AMERICA, NATIONAL ASSOCIATION",Vehicle loan or lease,0
1347,"BANK OF AMERICA, NATIONAL ASSOCIATION",Mortgage,0
1348,"BANK OF AMERICA, NATIONAL ASSOCIATION",Mortgage,30568
1349,"BANK OF AMERICA, NATIONAL ASSOCIATION",Mortgage,9421
1350,"BANK OF AMERICA, NATIONAL ASSOCIATION","Payday loan, title loan, or personal loan",0
1351,"BANK OF AMERICA, NATIONAL ASSOCIATION","Payday loan, title loan, or personal loan",0
1352,"BANK OF AMERICA, NATIONAL ASSOCIATION","Payday loan, title loan, or personal loan",0
1353,"BANK OF AMERICA, NATIONAL ASSOCIATION",Bank account or service,0
1354,"BANK OF AMERICA, NATIONAL ASSOCIATION",Bank account or service,11661
1355,"BANK OF AMERICA, NATIONAL ASSOCIATION",Bank account or service,2256
1356,"BANK OF AMERICA, NATIONAL ASSOCIATION",Credit card,0
1357,"BANK OF AMERICA, NATIONAL ASSOCIATION",Credit card,7064
1358,"BANK OF AMERICA, NATIONAL ASSOCIATION",Credit card,2047
1359,"BANK OF AMERICA, NATIONAL ASSOCIATION",Credit reporting,0
1360,"BANK OF AMERICA, NATIONAL ASSOCIATION",Credit reporting,109
1361,"BANK OF AMERICA, NATIONAL ASSOCIATION",Credit reporting,17
1362,"BANK OF AMERICA, NATIONAL ASSOCIATION",Consumer Loan,0
1363,"BANK OF AMERICA, NATIONAL ASSOCIATION",Consumer Loan,518
1364,"BANK OF AMERICA, NATIONAL ASSOCIATION",Consumer Loan,163
1365,"BANK OF AMERICA, NATIONAL ASSOCIATION",Prepaid card,0
1366,"BANK OF AMERICA, NATIONAL ASSOCIATION",Prepaid card,44
1367,"BANK OF AMERICA, NATIONAL ASSOCIATION",Prepaid card,11
1368,"BANK OF AMERICA, NATIONAL ASSOCIATION",Money transfers,0
1369,"BANK OF AMERICA, NATIONAL ASSOCIATION",Money transfers,206
1370,"BANK OF AMERICA, NATIONAL ASSOCIATION",Money transfers,65
1371,"BANK OF AMERICA, NATIONAL ASSOCIATION",Other financial service,0
1372,"BANK OF AMERICA, NATIONAL ASSOCIATION",Other financial service,53
1373,"BANK OF AMERICA, NATIONAL ASSOCIATION",Other financial service,20
1374,"BANK OF AMERICA, NATIONAL ASSOCIATION",Payday loan,0
1375,"BANK OF AMERICA, NATIONAL ASSOCIATION",Payday loan,12
1376,"BANK OF AMERICA, NATIONAL ASSOCIATION",Payday loan,2
1377,Experian Information Solutions Inc.,Checking or savings account,0
1378,Experian Information Solutions Inc.,Checking or savings account,0
1379,Experian Information Solutions Inc.,Checking or savings account,0
1380,Experian Information Solutions Inc.,Credit card or prepaid card,0
1381,Experian Information Solutions Inc.,Credit card or prepaid card,0
1382,Experian Information Solutions Inc.,Credit card or prepaid card,0
1383,Experian Information Solutions Inc.,"Credit reporting, credit repair services, or other personal consumer reports",0
1384,Experian Information Solutions Inc.,"Credit reporting, credit repair services, or other personal consumer reports",0
1385,Experian Information Solutions Inc.,"Credit reporting, credit repair services, or other personal consumer reports",0
1386,Experian Information Solutions Inc.,Debt collection,0
1387,Experian Information Solutions Inc.,Debt collection,55
1388,Experian Information Solutions Inc.,Debt collection,11
1389,Experian Information Solutions Inc.,"Money transfer, virtual currency, or money service",0
1390,Experian Information Solutions Inc.,"Money transfer, virtual currency, or money service",0
1391,Experian Information Solutions Inc.,"Money transfer, virtual currency, or money service",0
1392,Experian Information Solutions Inc.,Student loan,0
1393,Experian Information Solutions Inc.,Student loan,17
1394,Experian Information Solutions Inc.,Student loan,2
1395,Experian Information Solutions Inc.,Vehicle loan or lease,0
1396,Experian Information Solutions Inc.,Vehicle loan or lease,0
1397,Experian Information Solutions Inc.,Vehicle loan or lease,0
1398,Experian Information Solutions Inc.,Mortgage,0
1399,Experian Information Solutions Inc.,Mortgage,34
1400,Experian Information Solutions Inc.,Mortgage,4
1401,Experian Information Solutions Inc.,"Payday loan, title loan, or personal loan",0
1402,Experian Information Solutions Inc.,"Payday loan, title loan, or personal loan",0
1403,Experian Information Solutions Inc.,"Payday loan, title loan, or personal loan",0
1404,Experian Information Solutions Inc.,Bank account or service,0
1405,Experian Information Solutions Inc.,Bank account or service,20
1406,Experian Information Solutions Inc.,Bank account or service,2
1407,Experian Information Solutions Inc.,Credit card,0
1408,Experian Information Solutions Inc.,Credit card,44
1409,Experian Information Solutions Inc.,Credit card,6
1410,Experian Information Solutions Inc.,Credit reporting,0
1411,Experian Information Solutions Inc.,Credit reporting,40077
1412,Experian Information Solutions Inc.,Credit reporting,5301
1413,Experian Information Solutions Inc.,Consumer Loan,0
1414,Experian Information Solutions Inc.,Consumer Loan,36
1415,Experian Information Solutions Inc.,Consumer Loan,4
1416,Experian Information Solutions Inc.,Prepaid card,0
1417,Experian Information Solutions Inc.,Prepaid card,0
1418,Experian Information Solutions Inc.,Prepaid card,0
1419,Experian Information Solutions Inc.,Money transfers,0
1420,Experian Information Solutions Inc.,Money transfers,0
1421,Experian Information Solutions Inc.,Money transfers,0
1422,Experian Information Solutions Inc.,Other financial service,0
1423,Experian Information Solutions Inc.,Other financial service,7
1424,Experian Information Solutions Inc.,Other financial service,0
1425,Experian Information Solutions Inc.,Payday loan,0
1426,Experian Information Solutions Inc.,Payday loan,2
1427,Experian Information Solutions Inc.,Payday loan,0
1428,"TRANSUNION INTERMEDIATE HOLDINGS, INC.",Checking or savings account,0
1429,"TRANSUNION INTERMEDIATE HOLDINGS, INC.",Checking or savings account,0
1430,"TRANSUNION INTERMEDIATE HOLDINGS, INC.",Checking or savings account,0
1431,"TRANSUNION INTERMEDIATE HOLDINGS, INC.",Credit card or prepaid card,0
1432,"TRANSUNION INTERMEDIATE HOLDINGS, INC.",Credit card or prepaid card,0
1433,"TRANSUNION INTERMEDIATE HOLDINGS, INC.",Credit card or prepaid card,0
1434,"TRANSUNION INTERMEDIATE HOLDINGS, INC.","Credit reporting, credit repair services, or other personal consumer reports",0
1435,"TRANSUNION INTERMEDIATE HOLDINGS, INC.","Credit reporting, credit repair services, or other personal consumer reports",0
1436,"TRANSUNION INTERMEDIATE HOLDINGS, INC.","Credit reporting, credit repair services, or other personal consumer reports",0
1437,"TRANSUNION INTERMEDIATE HOLDINGS, INC.",Debt collection,0
1438,"TRANSUNION INTERMEDIATE HOLDINGS, INC.",Debt collection,59
1439,"TRANSUNION INTERMEDIATE HOLDINGS, INC.",Debt collection,19
1440,"TRANSUNION INTERMEDIATE HOLDINGS, INC.","Money transfer, virtual currency, or money service",0
1441,"TRANSUNION INTERMEDIATE HOLDINGS, INC.","Money transfer, virtual currency, or money service",0
1442,"TRANSUNION INTERMEDIATE HOLDINGS, INC.","Money transfer, virtual currency, or money service",0
1443,"TRANSUNION INTERMEDIATE HOLDINGS, INC.",Student loan,0
1444,"TRANSUNION INTERMEDIATE HOLDINGS, INC.",Student loan,17
1445,"TRANSUNION INTERMEDIATE HOLDINGS, INC.",Student loan,1
1446,"TRANSUNION INTERMEDIATE HOLDINGS, INC.",Vehicle loan or lease,0
1447,"TRANSUNION INTERMEDIATE HOLDINGS, INC.",Vehicle loan or lease,0
1448,"TRANSUNION INTERMEDIATE HOLDINGS, INC.",Vehicle loan or lease,0
1449,"TRANSUNION INTERMEDIATE HOLDINGS, INC.",Mortgage,0
1450,"TRANSUNION INTERMEDIATE HOLDINGS, INC.",Mortgage,23
1451,"TRANSUNION INTERMEDIATE HOLDINGS, INC.",Mortgage,3
1452,"TRANSUNION INTERMEDIATE HOLDINGS, INC.","Payday loan, title loan, or personal loan",0
1453,"TRANSUNION INTERMEDIATE HOLDINGS, INC.","Payday loan, title loan, or personal loan",0
1454,"TRANSUNION INTERMEDIATE HOLDINGS, INC.","Payday loan, title loan, or personal loan",0
1455,"TRANSUNION INTERMEDIATE HOLDINGS, INC.",Bank account or service,0
1456,"TRANSUNION INTERMEDIATE HOLDINGS, INC.",Bank account or service,11
1457,"TRANSUNION INTERMEDIATE HOLDINGS, INC.",Bank account or service,2
1458,"TRANSUNION INTERMEDIATE HOLDINGS, INC.",Credit card,0
1459,"TRANSUNION INTERMEDIATE HOLDINGS, INC.",Credit card,19
1460,"TRANSUNION INTERMEDIATE HOLDINGS, INC.",Credit card,1
1461,"TRANSUNION INTERMEDIATE HOLDINGS, INC.",Credit reporting,0
1462,"TRANSUNION INTERMEDIATE HOLDINGS, INC.",Credit reporting,34217
1463,"TRANSUNION INTERMEDIATE HOLDINGS, INC.",Credit reporting,5604
1464,"TRANSUNION INTERMEDIATE HOLDINGS, INC.",Consumer Loan,0
1465,"TRANSUNION INTERMEDIATE HOLDINGS, INC.",Consumer Loan,21
1466,"TRANSUNION INTERMEDIATE HOLDINGS, INC.",Consumer Loan,7
1467,"TRANSUNION INTERMEDIATE HOLDINGS, INC.",Prepaid card,0
1468,"TRANSUNION INTERMEDIATE HOLDINGS, INC.",Prepaid card,0
1469,"TRANSUNION INTERMEDIATE HOLDINGS, INC.",Prepaid card,0
1470,"TRANSUNION INTERMEDIATE HOLDINGS, INC.",Money transfers,0
1471,"TRANSUNION INTERMEDIATE HOLDINGS, INC.",Money transfers,0
1472,"TRANSUNION INTERMEDIATE HOLDINGS, INC.",Money transfers,0
1473,"TRANSUNION INTERMEDIATE HOLDINGS, INC.",Other financial service,0
1474,"TRANSUNION INTERMEDIATE HOLDINGS, INC.",Other financial service,0
1475,"TRANSUNION INTERMEDIATE HOLDINGS, INC.",Other financial service,1
1476,"TRANSUNION INTERMEDIATE HOLDINGS, INC.",Payday loan,0
1477,"TRANSUNION INTERMEDIATE HOLDINGS, INC.",Payday loan,1
1478,"TRANSUNION INTERMEDIATE HOLDINGS, INC.",Payday loan,0
1479,"EQUIFAX, INC.",Checking or savings account,0
1480,"EQUIFAX, INC.",Checking or savings account,0
1481,"EQUIFAX, INC.",Checking or savings account,0
1482,"EQUIFAX, INC.",Credit card or prepaid card,0
1483,"EQUIFAX, INC.",Credit card or prepaid card,0
1484,"EQUIFAX, INC.",Credit card or prepaid card,0
1485,"EQUIFAX, INC.","Credit reporting, credit repair services, or other personal consumer reports",0
1486,"EQUIFAX, INC.","Credit reporting, credit repair services, or other personal consumer reports",0
1487,"EQUIFAX, INC.","Credit reporting, credit repair services, or other personal consumer reports",0
1488,"EQUIFAX, INC.",Debt collection,0
1489,"EQUIFAX, INC.",Debt collection,60
1490,"EQUIFAX, INC.",Debt collection,17
1491,"EQUIFAX, INC.","Money transfer, virtual currency, or money service",0
1492,"EQUIFAX, INC.","Money transfer, virtual currency, or money service",0
1493,"EQUIFAX, INC.","Money transfer, virtual currency, or money service",0
1494,"EQUIFAX, INC.",Student loan,0
1495,"EQUIFAX, INC.",Student loan,21
1496,"EQUIFAX, INC.",Student loan,1
1497,"EQUIFAX, INC.",Vehicle loan or lease,0
1498,"EQUIFAX, INC.",Vehicle loan or lease,0
1499,"EQUIFAX, INC.",Vehicle loan or lease,0
1500,"EQUIFAX, INC.",Mortgage,0
1501,"EQUIFAX, INC.",Mortgage,31
1502,"EQUIFAX, INC.",Mortgage,13
1503,"EQUIFAX, INC.","Payday loan, title loan, or personal loan",0
1504,"EQUIFAX, INC.","Payday loan, title loan, or personal loan",0
1505,"EQUIFAX, INC.","Payday loan, title loan, or personal loan",0
1506,"EQUIFAX, INC.",Bank account or service,0
1507,"EQUIFAX, INC.",Bank account or service,9
1508,"EQUIFAX, INC.",Bank account or service,5
1509,"EQUIFAX, INC.",Credit card,0
1510,"EQUIFAX, INC.",Credit card,33
1511,"EQUIFAX, INC.",Credit card,13
1512,"EQUIFAX, INC.",Credit reporting,0
1513,"EQUIFAX, INC.",Credit reporting,38112
1514,"EQUIFAX, INC.",Credit reporting,10016
1515,"EQUIFAX, INC.",Consumer Loan,0
1516,"EQUIFAX, INC.",Consumer Loan,44
1517,"EQUIFAX, INC.",Consumer Loan,11
1518,"EQUIFAX, INC.",Prepaid card,0
1519,"EQUIFAX, INC.",Prepaid card,1
1520,"EQUIFAX, INC.",Prepaid card,0
1521,"EQUIFAX, INC.",Money transfers,0
1522,"EQUIFAX, INC.",Money transfers,0
1523,"EQUIFAX, INC.",Money transfers,0
1524,"EQUIFAX, INC.",Other financial service,0
1525,"EQUIFAX, INC.",Other financial service,0
1526,"EQUIFAX, INC.",Other financial service,3
1527,"EQUIFAX, INC.",Payday loan,0
1528,"EQUIFAX, INC.",Payday loan,0
1529,"EQUIFAX, INC.",Payday loan,0
