,Company,Mortgage Total State Complaints
0,"AmeriHome Mortgage Company, LLC",26
1,"AmeriHome Mortgage Company, LLC",90
2,"AmeriHome Mortgage Company, LLC",3
3,"AmeriHome Mortgage Company, LLC",7
4,"AmeriHome Mortgage Company, LLC",82
5,"AmeriHome Mortgage Company, LLC",4
6,"AmeriHome Mortgage Company, LLC",0
7,"AmeriHome Mortgage Company, LLC",7
8,"AmeriHome Mortgage Company, LLC",23
9,"AmeriHome Mortgage Company, LLC",8
10,"AmeriHome Mortgage Company, LLC",5
11,"AmeriHome Mortgage Company, LLC",20
12,"AmeriHome Mortgage Company, LLC",26
13,"AmeriHome Mortgage Company, LLC",38
14,"AmeriHome Mortgage Company, LLC",53
15,"AmeriHome Mortgage Company, LLC",2
16,"AmeriHome Mortgage Company, LLC",9
17,"AmeriHome Mortgage Company, LLC",10
18,"AmeriHome Mortgage Company, LLC",29
19,"AmeriHome Mortgage Company, LLC",0
20,"AmeriHome Mortgage Company, LLC",0
21,"AmeriHome Mortgage Company, LLC",3
22,"AmeriHome Mortgage Company, LLC",26
23,"AmeriHome Mortgage Company, LLC",3
24,"AmeriHome Mortgage Company, LLC",2
25,"AmeriHome Mortgage Company, LLC",2
26,"AmeriHome Mortgage Company, LLC",6
27,"AmeriHome Mortgage Company, LLC",0
28,"AmeriHome Mortgage Company, LLC",5
29,"AmeriHome Mortgage Company, LLC",25
30,"AmeriHome Mortgage Company, LLC",3
31,"AmeriHome Mortgage Company, LLC",5
32,"AmeriHome Mortgage Company, LLC",9
33,"AmeriHome Mortgage Company, LLC",5
34,"AmeriHome Mortgage Company, LLC",18
35,"AmeriHome Mortgage Company, LLC",6
36,"AmeriHome Mortgage Company, LLC",25
37,"AmeriHome Mortgage Company, LLC",2
38,"AmeriHome Mortgage Company, LLC",1
39,"AmeriHome Mortgage Company, LLC",6
40,"AmeriHome Mortgage Company, LLC",1
41,"AmeriHome Mortgage Company, LLC",6
42,"AmeriHome Mortgage Company, LLC",9
43,"AmeriHome Mortgage Company, LLC",7
44,"AmeriHome Mortgage Company, LLC",4
45,"AmeriHome Mortgage Company, LLC",0
46,"AmeriHome Mortgage Company, LLC",0
47,"AmeriHome Mortgage Company, LLC",12
48,"AmeriHome Mortgage Company, LLC",0
49,"AmeriHome Mortgage Company, LLC",6
50,"AmeriHome Mortgage Company, LLC",5
51,"AmeriHome Mortgage Company, LLC",0
52,"AmeriHome Mortgage Company, LLC",1
53,"AmeriHome Mortgage Company, LLC",0
54,"AmeriHome Mortgage Company, LLC",0
55,"AmeriHome Mortgage Company, LLC",0
56,"AmeriHome Mortgage Company, LLC",0
57,"AmeriHome Mortgage Company, LLC",1
58,"AmeriHome Mortgage Company, LLC",0
59,"AmeriHome Mortgage Company, LLC",0
60,"AmeriHome Mortgage Company, LLC",0
61,"AmeriHome Mortgage Company, LLC",0
62,"AmeriHome Mortgage Company, LLC",0
63,"CITIZENS FINANCIAL GROUP, INC.",83
64,"CITIZENS FINANCIAL GROUP, INC.",19
65,"CITIZENS FINANCIAL GROUP, INC.",81
66,"CITIZENS FINANCIAL GROUP, INC.",5
67,"CITIZENS FINANCIAL GROUP, INC.",18
68,"CITIZENS FINANCIAL GROUP, INC.",5
69,"CITIZENS FINANCIAL GROUP, INC.",1
70,"CITIZENS FINANCIAL GROUP, INC.",40
71,"CITIZENS FINANCIAL GROUP, INC.",21
72,"CITIZENS FINANCIAL GROUP, INC.",2
73,"CITIZENS FINANCIAL GROUP, INC.",4
74,"CITIZENS FINANCIAL GROUP, INC.",8
75,"CITIZENS FINANCIAL GROUP, INC.",28
76,"CITIZENS FINANCIAL GROUP, INC.",18
77,"CITIZENS FINANCIAL GROUP, INC.",31
78,"CITIZENS FINANCIAL GROUP, INC.",19
79,"CITIZENS FINANCIAL GROUP, INC.",22
80,"CITIZENS FINANCIAL GROUP, INC.",34
81,"CITIZENS FINANCIAL GROUP, INC.",3
82,"CITIZENS FINANCIAL GROUP, INC.",0
83,"CITIZENS FINANCIAL GROUP, INC.",3
84,"CITIZENS FINANCIAL GROUP, INC.",3
85,"CITIZENS FINANCIAL GROUP, INC.",19
86,"CITIZENS FINANCIAL GROUP, INC.",3
87,"CITIZENS FINANCIAL GROUP, INC.",3
88,"CITIZENS FINANCIAL GROUP, INC.",4
89,"CITIZENS FINANCIAL GROUP, INC.",6
90,"CITIZENS FINANCIAL GROUP, INC.",7
91,"CITIZENS FINANCIAL GROUP, INC.",1
92,"CITIZENS FINANCIAL GROUP, INC.",4
93,"CITIZENS FINANCIAL GROUP, INC.",1
94,"CITIZENS FINANCIAL GROUP, INC.",2
95,"CITIZENS FINANCIAL GROUP, INC.",99
96,"CITIZENS FINANCIAL GROUP, INC.",1
97,"CITIZENS FINANCIAL GROUP, INC.",6
98,"CITIZENS FINANCIAL GROUP, INC.",1
99,"CITIZENS FINANCIAL GROUP, INC.",33
100,"CITIZENS FINANCIAL GROUP, INC.",1
101,"CITIZENS FINANCIAL GROUP, INC.",5
102,"CITIZENS FINANCIAL GROUP, INC.",3
103,"CITIZENS FINANCIAL GROUP, INC.",1
104,"CITIZENS FINANCIAL GROUP, INC.",1
105,"CITIZENS FINANCIAL GROUP, INC.",6
106,"CITIZENS FINANCIAL GROUP, INC.",6
107,"CITIZENS FINANCIAL GROUP, INC.",13
108,"CITIZENS FINANCIAL GROUP, INC.",1
109,"CITIZENS FINANCIAL GROUP, INC.",14
110,"CITIZENS FINANCIAL GROUP, INC.",7
111,"CITIZENS FINANCIAL GROUP, INC.",0
112,"CITIZENS FINANCIAL GROUP, INC.",3
113,"CITIZENS FINANCIAL GROUP, INC.",4
114,"CITIZENS FINANCIAL GROUP, INC.",0
115,"CITIZENS FINANCIAL GROUP, INC.",3
116,"CITIZENS FINANCIAL GROUP, INC.",0
117,"CITIZENS FINANCIAL GROUP, INC.",0
118,"CITIZENS FINANCIAL GROUP, INC.",0
119,"CITIZENS FINANCIAL GROUP, INC.",0
120,"CITIZENS FINANCIAL GROUP, INC.",0
121,"CITIZENS FINANCIAL GROUP, INC.",0
122,"CITIZENS FINANCIAL GROUP, INC.",0
123,"CITIZENS FINANCIAL GROUP, INC.",0
124,"CITIZENS FINANCIAL GROUP, INC.",0
125,"CITIZENS FINANCIAL GROUP, INC.",0
126,RoundPoint Mortgage Servicing Corporation,28
127,RoundPoint Mortgage Servicing Corporation,70
128,RoundPoint Mortgage Servicing Corporation,17
129,RoundPoint Mortgage Servicing Corporation,8
130,RoundPoint Mortgage Servicing Corporation,74
131,RoundPoint Mortgage Servicing Corporation,19
132,RoundPoint Mortgage Servicing Corporation,1
133,RoundPoint Mortgage Servicing Corporation,13
134,RoundPoint Mortgage Servicing Corporation,35
135,RoundPoint Mortgage Servicing Corporation,6
136,RoundPoint Mortgage Servicing Corporation,2
137,RoundPoint Mortgage Servicing Corporation,27
138,RoundPoint Mortgage Servicing Corporation,31
139,RoundPoint Mortgage Servicing Corporation,30
140,RoundPoint Mortgage Servicing Corporation,69
141,RoundPoint Mortgage Servicing Corporation,4
142,RoundPoint Mortgage Servicing Corporation,4
143,RoundPoint Mortgage Servicing Corporation,16
144,RoundPoint Mortgage Servicing Corporation,19
145,RoundPoint Mortgage Servicing Corporation,0
146,RoundPoint Mortgage Servicing Corporation,1
147,RoundPoint Mortgage Servicing Corporation,3
148,RoundPoint Mortgage Servicing Corporation,28
149,RoundPoint Mortgage Servicing Corporation,2
150,RoundPoint Mortgage Servicing Corporation,3
151,RoundPoint Mortgage Servicing Corporation,0
152,RoundPoint Mortgage Servicing Corporation,9
153,RoundPoint Mortgage Servicing Corporation,3
154,RoundPoint Mortgage Servicing Corporation,8
155,RoundPoint Mortgage Servicing Corporation,14
156,RoundPoint Mortgage Servicing Corporation,3
157,RoundPoint Mortgage Servicing Corporation,4
158,RoundPoint Mortgage Servicing Corporation,8
159,RoundPoint Mortgage Servicing Corporation,15
160,RoundPoint Mortgage Servicing Corporation,14
161,RoundPoint Mortgage Servicing Corporation,7
162,RoundPoint Mortgage Servicing Corporation,36
163,RoundPoint Mortgage Servicing Corporation,3
164,RoundPoint Mortgage Servicing Corporation,1
165,RoundPoint Mortgage Servicing Corporation,12
166,RoundPoint Mortgage Servicing Corporation,4
167,RoundPoint Mortgage Servicing Corporation,8
168,RoundPoint Mortgage Servicing Corporation,19
169,RoundPoint Mortgage Servicing Corporation,5
170,RoundPoint Mortgage Servicing Corporation,3
171,RoundPoint Mortgage Servicing Corporation,1
172,RoundPoint Mortgage Servicing Corporation,0
173,RoundPoint Mortgage Servicing Corporation,19
174,RoundPoint Mortgage Servicing Corporation,0
175,RoundPoint Mortgage Servicing Corporation,1
176,RoundPoint Mortgage Servicing Corporation,1
177,RoundPoint Mortgage Servicing Corporation,0
178,RoundPoint Mortgage Servicing Corporation,0
179,RoundPoint Mortgage Servicing Corporation,0
180,RoundPoint Mortgage Servicing Corporation,1
181,RoundPoint Mortgage Servicing Corporation,0
182,RoundPoint Mortgage Servicing Corporation,0
183,RoundPoint Mortgage Servicing Corporation,0
184,RoundPoint Mortgage Servicing Corporation,0
185,RoundPoint Mortgage Servicing Corporation,0
186,RoundPoint Mortgage Servicing Corporation,0
187,RoundPoint Mortgage Servicing Corporation,0
188,RoundPoint Mortgage Servicing Corporation,0
189,AMERISAVE MORTGAGE CORPORATION,31
190,AMERISAVE MORTGAGE CORPORATION,109
191,AMERISAVE MORTGAGE CORPORATION,3
192,AMERISAVE MORTGAGE CORPORATION,4
193,AMERISAVE MORTGAGE CORPORATION,47
194,AMERISAVE MORTGAGE CORPORATION,17
195,AMERISAVE MORTGAGE CORPORATION,3
196,AMERISAVE MORTGAGE CORPORATION,18
197,AMERISAVE MORTGAGE CORPORATION,44
198,AMERISAVE MORTGAGE CORPORATION,6
199,AMERISAVE MORTGAGE CORPORATION,9
200,AMERISAVE MORTGAGE CORPORATION,27
201,AMERISAVE MORTGAGE CORPORATION,11
202,AMERISAVE MORTGAGE CORPORATION,30
203,AMERISAVE MORTGAGE CORPORATION,66
204,AMERISAVE MORTGAGE CORPORATION,2
205,AMERISAVE MORTGAGE CORPORATION,6
206,AMERISAVE MORTGAGE CORPORATION,14
207,AMERISAVE MORTGAGE CORPORATION,23
208,AMERISAVE MORTGAGE CORPORATION,5
209,AMERISAVE MORTGAGE CORPORATION,2
210,AMERISAVE MORTGAGE CORPORATION,3
211,AMERISAVE MORTGAGE CORPORATION,27
212,AMERISAVE MORTGAGE CORPORATION,4
213,AMERISAVE MORTGAGE CORPORATION,2
214,AMERISAVE MORTGAGE CORPORATION,4
215,AMERISAVE MORTGAGE CORPORATION,4
216,AMERISAVE MORTGAGE CORPORATION,2
217,AMERISAVE MORTGAGE CORPORATION,3
218,AMERISAVE MORTGAGE CORPORATION,23
219,AMERISAVE MORTGAGE CORPORATION,7
220,AMERISAVE MORTGAGE CORPORATION,13
221,AMERISAVE MORTGAGE CORPORATION,25
222,AMERISAVE MORTGAGE CORPORATION,10
223,AMERISAVE MORTGAGE CORPORATION,9
224,AMERISAVE MORTGAGE CORPORATION,4
225,AMERISAVE MORTGAGE CORPORATION,21
226,AMERISAVE MORTGAGE CORPORATION,6
227,AMERISAVE MORTGAGE CORPORATION,1
228,AMERISAVE MORTGAGE CORPORATION,5
229,AMERISAVE MORTGAGE CORPORATION,3
230,AMERISAVE MORTGAGE CORPORATION,6
231,AMERISAVE MORTGAGE CORPORATION,6
232,AMERISAVE MORTGAGE CORPORATION,5
233,AMERISAVE MORTGAGE CORPORATION,3
234,AMERISAVE MORTGAGE CORPORATION,0
235,AMERISAVE MORTGAGE CORPORATION,8
236,AMERISAVE MORTGAGE CORPORATION,13
237,AMERISAVE MORTGAGE CORPORATION,0
238,AMERISAVE MORTGAGE CORPORATION,2
239,AMERISAVE MORTGAGE CORPORATION,12
240,AMERISAVE MORTGAGE CORPORATION,0
241,AMERISAVE MORTGAGE CORPORATION,0
242,AMERISAVE MORTGAGE CORPORATION,0
243,AMERISAVE MORTGAGE CORPORATION,0
244,AMERISAVE MORTGAGE CORPORATION,0
245,AMERISAVE MORTGAGE CORPORATION,0
246,AMERISAVE MORTGAGE CORPORATION,0
247,AMERISAVE MORTGAGE CORPORATION,0
248,AMERISAVE MORTGAGE CORPORATION,0
249,AMERISAVE MORTGAGE CORPORATION,0
250,AMERISAVE MORTGAGE CORPORATION,0
251,AMERISAVE MORTGAGE CORPORATION,0
252,"Dovenmuehle Mortgage, Inc.",14
253,"Dovenmuehle Mortgage, Inc.",122
254,"Dovenmuehle Mortgage, Inc.",21
255,"Dovenmuehle Mortgage, Inc.",5
256,"Dovenmuehle Mortgage, Inc.",104
257,"Dovenmuehle Mortgage, Inc.",11
258,"Dovenmuehle Mortgage, Inc.",0
259,"Dovenmuehle Mortgage, Inc.",4
260,"Dovenmuehle Mortgage, Inc.",24
261,"Dovenmuehle Mortgage, Inc.",3
262,"Dovenmuehle Mortgage, Inc.",6
263,"Dovenmuehle Mortgage, Inc.",37
264,"Dovenmuehle Mortgage, Inc.",28
265,"Dovenmuehle Mortgage, Inc.",32
266,"Dovenmuehle Mortgage, Inc.",65
267,"Dovenmuehle Mortgage, Inc.",0
268,"Dovenmuehle Mortgage, Inc.",7
269,"Dovenmuehle Mortgage, Inc.",14
270,"Dovenmuehle Mortgage, Inc.",28
271,"Dovenmuehle Mortgage, Inc.",1
272,"Dovenmuehle Mortgage, Inc.",1
273,"Dovenmuehle Mortgage, Inc.",1
274,"Dovenmuehle Mortgage, Inc.",34
275,"Dovenmuehle Mortgage, Inc.",0
276,"Dovenmuehle Mortgage, Inc.",5
277,"Dovenmuehle Mortgage, Inc.",6
278,"Dovenmuehle Mortgage, Inc.",6
279,"Dovenmuehle Mortgage, Inc.",3
280,"Dovenmuehle Mortgage, Inc.",9
281,"Dovenmuehle Mortgage, Inc.",40
282,"Dovenmuehle Mortgage, Inc.",3
283,"Dovenmuehle Mortgage, Inc.",3
284,"Dovenmuehle Mortgage, Inc.",11
285,"Dovenmuehle Mortgage, Inc.",3
286,"Dovenmuehle Mortgage, Inc.",28
287,"Dovenmuehle Mortgage, Inc.",9
288,"Dovenmuehle Mortgage, Inc.",22
289,"Dovenmuehle Mortgage, Inc.",1
290,"Dovenmuehle Mortgage, Inc.",0
291,"Dovenmuehle Mortgage, Inc.",3
292,"Dovenmuehle Mortgage, Inc.",3
293,"Dovenmuehle Mortgage, Inc.",4
294,"Dovenmuehle Mortgage, Inc.",8
295,"Dovenmuehle Mortgage, Inc.",4
296,"Dovenmuehle Mortgage, Inc.",4
297,"Dovenmuehle Mortgage, Inc.",2
298,"Dovenmuehle Mortgage, Inc.",18
299,"Dovenmuehle Mortgage, Inc.",7
300,"Dovenmuehle Mortgage, Inc.",1
301,"Dovenmuehle Mortgage, Inc.",3
302,"Dovenmuehle Mortgage, Inc.",13
303,"Dovenmuehle Mortgage, Inc.",0
304,"Dovenmuehle Mortgage, Inc.",0
305,"Dovenmuehle Mortgage, Inc.",0
306,"Dovenmuehle Mortgage, Inc.",0
307,"Dovenmuehle Mortgage, Inc.",0
308,"Dovenmuehle Mortgage, Inc.",0
309,"Dovenmuehle Mortgage, Inc.",0
310,"Dovenmuehle Mortgage, Inc.",0
311,"Dovenmuehle Mortgage, Inc.",0
312,"Dovenmuehle Mortgage, Inc.",0
313,"Dovenmuehle Mortgage, Inc.",0
314,"Dovenmuehle Mortgage, Inc.",0
315,"LAKEVIEW LOAN SERVICING, LLC",27
316,"LAKEVIEW LOAN SERVICING, LLC",139
317,"LAKEVIEW LOAN SERVICING, LLC",16
318,"LAKEVIEW LOAN SERVICING, LLC",10
319,"LAKEVIEW LOAN SERVICING, LLC",98
320,"LAKEVIEW LOAN SERVICING, LLC",36
321,"LAKEVIEW LOAN SERVICING, LLC",1
322,"LAKEVIEW LOAN SERVICING, LLC",12
323,"LAKEVIEW LOAN SERVICING, LLC",22
324,"LAKEVIEW LOAN SERVICING, LLC",5
325,"LAKEVIEW LOAN SERVICING, LLC",8
326,"LAKEVIEW LOAN SERVICING, LLC",27
327,"LAKEVIEW LOAN SERVICING, LLC",22
328,"LAKEVIEW LOAN SERVICING, LLC",33
329,"LAKEVIEW LOAN SERVICING, LLC",76
330,"LAKEVIEW LOAN SERVICING, LLC",6
331,"LAKEVIEW LOAN SERVICING, LLC",14
332,"LAKEVIEW LOAN SERVICING, LLC",17
333,"LAKEVIEW LOAN SERVICING, LLC",27
334,"LAKEVIEW LOAN SERVICING, LLC",1
335,"LAKEVIEW LOAN SERVICING, LLC",2
336,"LAKEVIEW LOAN SERVICING, LLC",1
337,"LAKEVIEW LOAN SERVICING, LLC",20
338,"LAKEVIEW LOAN SERVICING, LLC",4
339,"LAKEVIEW LOAN SERVICING, LLC",2
340,"LAKEVIEW LOAN SERVICING, LLC",7
341,"LAKEVIEW LOAN SERVICING, LLC",9
342,"LAKEVIEW LOAN SERVICING, LLC",2
343,"LAKEVIEW LOAN SERVICING, LLC",10
344,"LAKEVIEW LOAN SERVICING, LLC",28
345,"LAKEVIEW LOAN SERVICING, LLC",3
346,"LAKEVIEW LOAN SERVICING, LLC",3
347,"LAKEVIEW LOAN SERVICING, LLC",14
348,"LAKEVIEW LOAN SERVICING, LLC",10
349,"LAKEVIEW LOAN SERVICING, LLC",17
350,"LAKEVIEW LOAN SERVICING, LLC",7
351,"LAKEVIEW LOAN SERVICING, LLC",25
352,"LAKEVIEW LOAN SERVICING, LLC",5
353,"LAKEVIEW LOAN SERVICING, LLC",1
354,"LAKEVIEW LOAN SERVICING, LLC",2
355,"LAKEVIEW LOAN SERVICING, LLC",0
356,"LAKEVIEW LOAN SERVICING, LLC",5
357,"LAKEVIEW LOAN SERVICING, LLC",7
358,"LAKEVIEW LOAN SERVICING, LLC",11
359,"LAKEVIEW LOAN SERVICING, LLC",6
360,"LAKEVIEW LOAN SERVICING, LLC",1
361,"LAKEVIEW LOAN SERVICING, LLC",2
362,"LAKEVIEW LOAN SERVICING, LLC",11
363,"LAKEVIEW LOAN SERVICING, LLC",1
364,"LAKEVIEW LOAN SERVICING, LLC",10
365,"LAKEVIEW LOAN SERVICING, LLC",7
366,"LAKEVIEW LOAN SERVICING, LLC",0
367,"LAKEVIEW LOAN SERVICING, LLC",1
368,"LAKEVIEW LOAN SERVICING, LLC",1
369,"LAKEVIEW LOAN SERVICING, LLC",0
370,"LAKEVIEW LOAN SERVICING, LLC",0
371,"LAKEVIEW LOAN SERVICING, LLC",0
372,"LAKEVIEW LOAN SERVICING, LLC",0
373,"LAKEVIEW LOAN SERVICING, LLC",0
374,"LAKEVIEW LOAN SERVICING, LLC",0
375,"LAKEVIEW LOAN SERVICING, LLC",0
376,"LAKEVIEW LOAN SERVICING, LLC",0
377,"LAKEVIEW LOAN SERVICING, LLC",0
378,"Fay Servicing, LLC",37
379,"Fay Servicing, LLC",151
380,"Fay Servicing, LLC",48
381,"Fay Servicing, LLC",10
382,"Fay Servicing, LLC",43
383,"Fay Servicing, LLC",9
384,"Fay Servicing, LLC",0
385,"Fay Servicing, LLC",8
386,"Fay Servicing, LLC",36
387,"Fay Servicing, LLC",1
388,"Fay Servicing, LLC",12
389,"Fay Servicing, LLC",41
390,"Fay Servicing, LLC",46
391,"Fay Servicing, LLC",47
392,"Fay Servicing, LLC",97
393,"Fay Servicing, LLC",4
394,"Fay Servicing, LLC",13
395,"Fay Servicing, LLC",15
396,"Fay Servicing, LLC",15
397,"Fay Servicing, LLC",1
398,"Fay Servicing, LLC",1
399,"Fay Servicing, LLC",1
400,"Fay Servicing, LLC",23
401,"Fay Servicing, LLC",5
402,"Fay Servicing, LLC",4
403,"Fay Servicing, LLC",0
404,"Fay Servicing, LLC",4
405,"Fay Servicing, LLC",0
406,"Fay Servicing, LLC",6
407,"Fay Servicing, LLC",15
408,"Fay Servicing, LLC",3
409,"Fay Servicing, LLC",3
410,"Fay Servicing, LLC",23
411,"Fay Servicing, LLC",8
412,"Fay Servicing, LLC",10
413,"Fay Servicing, LLC",4
414,"Fay Servicing, LLC",55
415,"Fay Servicing, LLC",5
416,"Fay Servicing, LLC",1
417,"Fay Servicing, LLC",5
418,"Fay Servicing, LLC",2
419,"Fay Servicing, LLC",7
420,"Fay Servicing, LLC",5
421,"Fay Servicing, LLC",14
422,"Fay Servicing, LLC",4
423,"Fay Servicing, LLC",1
424,"Fay Servicing, LLC",2
425,"Fay Servicing, LLC",25
426,"Fay Servicing, LLC",0
427,"Fay Servicing, LLC",4
428,"Fay Servicing, LLC",8
429,"Fay Servicing, LLC",0
430,"Fay Servicing, LLC",0
431,"Fay Servicing, LLC",1
432,"Fay Servicing, LLC",0
433,"Fay Servicing, LLC",0
434,"Fay Servicing, LLC",0
435,"Fay Servicing, LLC",0
436,"Fay Servicing, LLC",0
437,"Fay Servicing, LLC",0
438,"Fay Servicing, LLC",0
439,"Fay Servicing, LLC",0
440,"Fay Servicing, LLC",0
441,"LD Holdings Group, LLC",21
442,"LD Holdings Group, LLC",210
443,"LD Holdings Group, LLC",30
444,"LD Holdings Group, LLC",5
445,"LD Holdings Group, LLC",55
446,"LD Holdings Group, LLC",20
447,"LD Holdings Group, LLC",2
448,"LD Holdings Group, LLC",13
449,"LD Holdings Group, LLC",36
450,"LD Holdings Group, LLC",4
451,"LD Holdings Group, LLC",5
452,"LD Holdings Group, LLC",30
453,"LD Holdings Group, LLC",36
454,"LD Holdings Group, LLC",40
455,"LD Holdings Group, LLC",83
456,"LD Holdings Group, LLC",2
457,"LD Holdings Group, LLC",8
458,"LD Holdings Group, LLC",12
459,"LD Holdings Group, LLC",54
460,"LD Holdings Group, LLC",1
461,"LD Holdings Group, LLC",1
462,"LD Holdings Group, LLC",3
463,"LD Holdings Group, LLC",28
464,"LD Holdings Group, LLC",3
465,"LD Holdings Group, LLC",3
466,"LD Holdings Group, LLC",6
467,"LD Holdings Group, LLC",6
468,"LD Holdings Group, LLC",1
469,"LD Holdings Group, LLC",4
470,"LD Holdings Group, LLC",20
471,"LD Holdings Group, LLC",3
472,"LD Holdings Group, LLC",10
473,"LD Holdings Group, LLC",11
474,"LD Holdings Group, LLC",12
475,"LD Holdings Group, LLC",15
476,"LD Holdings Group, LLC",5
477,"LD Holdings Group, LLC",30
478,"LD Holdings Group, LLC",7
479,"LD Holdings Group, LLC",0
480,"LD Holdings Group, LLC",3
481,"LD Holdings Group, LLC",4
482,"LD Holdings Group, LLC",6
483,"LD Holdings Group, LLC",9
484,"LD Holdings Group, LLC",11
485,"LD Holdings Group, LLC",1
486,"LD Holdings Group, LLC",4
487,"LD Holdings Group, LLC",5
488,"LD Holdings Group, LLC",12
489,"LD Holdings Group, LLC",0
490,"LD Holdings Group, LLC",2
491,"LD Holdings Group, LLC",15
492,"LD Holdings Group, LLC",0
493,"LD Holdings Group, LLC",1
494,"LD Holdings Group, LLC",0
495,"LD Holdings Group, LLC",0
496,"LD Holdings Group, LLC",0
497,"LD Holdings Group, LLC",0
498,"LD Holdings Group, LLC",0
499,"LD Holdings Group, LLC",0
500,"LD Holdings Group, LLC",0
501,"LD Holdings Group, LLC",0
502,"LD Holdings Group, LLC",0
503,"LD Holdings Group, LLC",0
504,"FLAGSTAR BANK, FSB",30
505,"FLAGSTAR BANK, FSB",157
506,"FLAGSTAR BANK, FSB",23
507,"FLAGSTAR BANK, FSB",7
508,"FLAGSTAR BANK, FSB",97
509,"FLAGSTAR BANK, FSB",26
510,"FLAGSTAR BANK, FSB",2
511,"FLAGSTAR BANK, FSB",13
512,"FLAGSTAR BANK, FSB",16
513,"FLAGSTAR BANK, FSB",2
514,"FLAGSTAR BANK, FSB",19
515,"FLAGSTAR BANK, FSB",26
516,"FLAGSTAR BANK, FSB",29
517,"FLAGSTAR BANK, FSB",49
518,"FLAGSTAR BANK, FSB",98
519,"FLAGSTAR BANK, FSB",1
520,"FLAGSTAR BANK, FSB",9
521,"FLAGSTAR BANK, FSB",43
522,"FLAGSTAR BANK, FSB",25
523,"FLAGSTAR BANK, FSB",0
524,"FLAGSTAR BANK, FSB",0
525,"FLAGSTAR BANK, FSB",2
526,"FLAGSTAR BANK, FSB",34
527,"FLAGSTAR BANK, FSB",5
528,"FLAGSTAR BANK, FSB",3
529,"FLAGSTAR BANK, FSB",3
530,"FLAGSTAR BANK, FSB",19
531,"FLAGSTAR BANK, FSB",3
532,"FLAGSTAR BANK, FSB",12
533,"FLAGSTAR BANK, FSB",42
534,"FLAGSTAR BANK, FSB",10
535,"FLAGSTAR BANK, FSB",4
536,"FLAGSTAR BANK, FSB",20
537,"FLAGSTAR BANK, FSB",5
538,"FLAGSTAR BANK, FSB",10
539,"FLAGSTAR BANK, FSB",13
540,"FLAGSTAR BANK, FSB",32
541,"FLAGSTAR BANK, FSB",5
542,"FLAGSTAR BANK, FSB",0
543,"FLAGSTAR BANK, FSB",5
544,"FLAGSTAR BANK, FSB",4
545,"FLAGSTAR BANK, FSB",8
546,"FLAGSTAR BANK, FSB",9
547,"FLAGSTAR BANK, FSB",12
548,"FLAGSTAR BANK, FSB",6
549,"FLAGSTAR BANK, FSB",1
550,"FLAGSTAR BANK, FSB",3
551,"FLAGSTAR BANK, FSB",12
552,"FLAGSTAR BANK, FSB",2
553,"FLAGSTAR BANK, FSB",2
554,"FLAGSTAR BANK, FSB",8
555,"FLAGSTAR BANK, FSB",0
556,"FLAGSTAR BANK, FSB",0
557,"FLAGSTAR BANK, FSB",0
558,"FLAGSTAR BANK, FSB",0
559,"FLAGSTAR BANK, FSB",0
560,"FLAGSTAR BANK, FSB",1
561,"FLAGSTAR BANK, FSB",0
562,"FLAGSTAR BANK, FSB",0
563,"FLAGSTAR BANK, FSB",1
564,"FLAGSTAR BANK, FSB",0
565,"FLAGSTAR BANK, FSB",0
566,"FLAGSTAR BANK, FSB",0
567,RUSHMORE LOAN MANAGEMENT SERVICES LLC,37
568,RUSHMORE LOAN MANAGEMENT SERVICES LLC,179
569,RUSHMORE LOAN MANAGEMENT SERVICES LLC,88
570,RUSHMORE LOAN MANAGEMENT SERVICES LLC,6
571,RUSHMORE LOAN MANAGEMENT SERVICES LLC,45
572,RUSHMORE LOAN MANAGEMENT SERVICES LLC,33
573,RUSHMORE LOAN MANAGEMENT SERVICES LLC,1
574,RUSHMORE LOAN MANAGEMENT SERVICES LLC,20
575,RUSHMORE LOAN MANAGEMENT SERVICES LLC,38
576,RUSHMORE LOAN MANAGEMENT SERVICES LLC,6
577,RUSHMORE LOAN MANAGEMENT SERVICES LLC,9
578,RUSHMORE LOAN MANAGEMENT SERVICES LLC,40
579,RUSHMORE LOAN MANAGEMENT SERVICES LLC,40
580,RUSHMORE LOAN MANAGEMENT SERVICES LLC,71
581,RUSHMORE LOAN MANAGEMENT SERVICES LLC,113
582,RUSHMORE LOAN MANAGEMENT SERVICES LLC,25
583,RUSHMORE LOAN MANAGEMENT SERVICES LLC,9
584,RUSHMORE LOAN MANAGEMENT SERVICES LLC,21
585,RUSHMORE LOAN MANAGEMENT SERVICES LLC,12
586,RUSHMORE LOAN MANAGEMENT SERVICES LLC,0
587,RUSHMORE LOAN MANAGEMENT SERVICES LLC,0
588,RUSHMORE LOAN MANAGEMENT SERVICES LLC,0
589,RUSHMORE LOAN MANAGEMENT SERVICES LLC,25
590,RUSHMORE LOAN MANAGEMENT SERVICES LLC,5
591,RUSHMORE LOAN MANAGEMENT SERVICES LLC,4
592,RUSHMORE LOAN MANAGEMENT SERVICES LLC,6
593,RUSHMORE LOAN MANAGEMENT SERVICES LLC,13
594,RUSHMORE LOAN MANAGEMENT SERVICES LLC,2
595,RUSHMORE LOAN MANAGEMENT SERVICES LLC,2
596,RUSHMORE LOAN MANAGEMENT SERVICES LLC,12
597,RUSHMORE LOAN MANAGEMENT SERVICES LLC,2
598,RUSHMORE LOAN MANAGEMENT SERVICES LLC,13
599,RUSHMORE LOAN MANAGEMENT SERVICES LLC,27
600,RUSHMORE LOAN MANAGEMENT SERVICES LLC,8
601,RUSHMORE LOAN MANAGEMENT SERVICES LLC,11
602,RUSHMORE LOAN MANAGEMENT SERVICES LLC,7
603,RUSHMORE LOAN MANAGEMENT SERVICES LLC,64
604,RUSHMORE LOAN MANAGEMENT SERVICES LLC,2
605,RUSHMORE LOAN MANAGEMENT SERVICES LLC,1
606,RUSHMORE LOAN MANAGEMENT SERVICES LLC,4
607,RUSHMORE LOAN MANAGEMENT SERVICES LLC,2
608,RUSHMORE LOAN MANAGEMENT SERVICES LLC,8
609,RUSHMORE LOAN MANAGEMENT SERVICES LLC,15
610,RUSHMORE LOAN MANAGEMENT SERVICES LLC,8
611,RUSHMORE LOAN MANAGEMENT SERVICES LLC,5
612,RUSHMORE LOAN MANAGEMENT SERVICES LLC,0
613,RUSHMORE LOAN MANAGEMENT SERVICES LLC,3
614,RUSHMORE LOAN MANAGEMENT SERVICES LLC,20
615,RUSHMORE LOAN MANAGEMENT SERVICES LLC,0
616,RUSHMORE LOAN MANAGEMENT SERVICES LLC,0
617,RUSHMORE LOAN MANAGEMENT SERVICES LLC,12
618,RUSHMORE LOAN MANAGEMENT SERVICES LLC,0
619,RUSHMORE LOAN MANAGEMENT SERVICES LLC,0
620,RUSHMORE LOAN MANAGEMENT SERVICES LLC,0
621,RUSHMORE LOAN MANAGEMENT SERVICES LLC,0
622,RUSHMORE LOAN MANAGEMENT SERVICES LLC,4
623,RUSHMORE LOAN MANAGEMENT SERVICES LLC,0
624,RUSHMORE LOAN MANAGEMENT SERVICES LLC,1
625,RUSHMORE LOAN MANAGEMENT SERVICES LLC,0
626,RUSHMORE LOAN MANAGEMENT SERVICES LLC,0
627,RUSHMORE LOAN MANAGEMENT SERVICES LLC,0
628,RUSHMORE LOAN MANAGEMENT SERVICES LLC,0
629,RUSHMORE LOAN MANAGEMENT SERVICES LLC,0
630,"Community Loan Servicing, LLC (formerly known as Bayview Loan Servicing, LLC)",39
631,"Community Loan Servicing, LLC (formerly known as Bayview Loan Servicing, LLC)",235
632,"Community Loan Servicing, LLC (formerly known as Bayview Loan Servicing, LLC)",53
633,"Community Loan Servicing, LLC (formerly known as Bayview Loan Servicing, LLC)",5
634,"Community Loan Servicing, LLC (formerly known as Bayview Loan Servicing, LLC)",30
635,"Community Loan Servicing, LLC (formerly known as Bayview Loan Servicing, LLC)",13
636,"Community Loan Servicing, LLC (formerly known as Bayview Loan Servicing, LLC)",1
637,"Community Loan Servicing, LLC (formerly known as Bayview Loan Servicing, LLC)",24
638,"Community Loan Servicing, LLC (formerly known as Bayview Loan Servicing, LLC)",37
639,"Community Loan Servicing, LLC (formerly known as Bayview Loan Servicing, LLC)",3
640,"Community Loan Servicing, LLC (formerly known as Bayview Loan Servicing, LLC)",8
641,"Community Loan Servicing, LLC (formerly known as Bayview Loan Servicing, LLC)",40
642,"Community Loan Servicing, LLC (formerly known as Bayview Loan Servicing, LLC)",37
643,"Community Loan Servicing, LLC (formerly known as Bayview Loan Servicing, LLC)",85
644,"Community Loan Servicing, LLC (formerly known as Bayview Loan Servicing, LLC)",131
645,"Community Loan Servicing, LLC (formerly known as Bayview Loan Servicing, LLC)",9
646,"Community Loan Servicing, LLC (formerly known as Bayview Loan Servicing, LLC)",13
647,"Community Loan Servicing, LLC (formerly known as Bayview Loan Servicing, LLC)",11
648,"Community Loan Servicing, LLC (formerly known as Bayview Loan Servicing, LLC)",56
649,"Community Loan Servicing, LLC (formerly known as Bayview Loan Servicing, LLC)",0
650,"Community Loan Servicing, LLC (formerly known as Bayview Loan Servicing, LLC)",1
651,"Community Loan Servicing, LLC (formerly known as Bayview Loan Servicing, LLC)",0
652,"Community Loan Servicing, LLC (formerly known as Bayview Loan Servicing, LLC)",23
653,"Community Loan Servicing, LLC (formerly known as Bayview Loan Servicing, LLC)",2
654,"Community Loan Servicing, LLC (formerly known as Bayview Loan Servicing, LLC)",5
655,"Community Loan Servicing, LLC (formerly known as Bayview Loan Servicing, LLC)",3
656,"Community Loan Servicing, LLC (formerly known as Bayview Loan Servicing, LLC)",8
657,"Community Loan Servicing, LLC (formerly known as Bayview Loan Servicing, LLC)",1
658,"Community Loan Servicing, LLC (formerly known as Bayview Loan Servicing, LLC)",5
659,"Community Loan Servicing, LLC (formerly known as Bayview Loan Servicing, LLC)",32
660,"Community Loan Servicing, LLC (formerly known as Bayview Loan Servicing, LLC)",2
661,"Community Loan Servicing, LLC (formerly known as Bayview Loan Servicing, LLC)",4
662,"Community Loan Servicing, LLC (formerly known as Bayview Loan Servicing, LLC)",18
663,"Community Loan Servicing, LLC (formerly known as Bayview Loan Servicing, LLC)",9
664,"Community Loan Servicing, LLC (formerly known as Bayview Loan Servicing, LLC)",6
665,"Community Loan Servicing, LLC (formerly known as Bayview Loan Servicing, LLC)",15
666,"Community Loan Servicing, LLC (formerly known as Bayview Loan Servicing, LLC)",53
667,"Community Loan Servicing, LLC (formerly known as Bayview Loan Servicing, LLC)",6
668,"Community Loan Servicing, LLC (formerly known as Bayview Loan Servicing, LLC)",0
669,"Community Loan Servicing, LLC (formerly known as Bayview Loan Servicing, LLC)",3
670,"Community Loan Servicing, LLC (formerly known as Bayview Loan Servicing, LLC)",0
671,"Community Loan Servicing, LLC (formerly known as Bayview Loan Servicing, LLC)",4
672,"Community Loan Servicing, LLC (formerly known as Bayview Loan Servicing, LLC)",8
673,"Community Loan Servicing, LLC (formerly known as Bayview Loan Servicing, LLC)",21
674,"Community Loan Servicing, LLC (formerly known as Bayview Loan Servicing, LLC)",1
675,"Community Loan Servicing, LLC (formerly known as Bayview Loan Servicing, LLC)",0
676,"Community Loan Servicing, LLC (formerly known as Bayview Loan Servicing, LLC)",0
677,"Community Loan Servicing, LLC (formerly known as Bayview Loan Servicing, LLC)",10
678,"Community Loan Servicing, LLC (formerly known as Bayview Loan Servicing, LLC)",0
679,"Community Loan Servicing, LLC (formerly known as Bayview Loan Servicing, LLC)",9
680,"Community Loan Servicing, LLC (formerly known as Bayview Loan Servicing, LLC)",11
681,"Community Loan Servicing, LLC (formerly known as Bayview Loan Servicing, LLC)",0
682,"Community Loan Servicing, LLC (formerly known as Bayview Loan Servicing, LLC)",0
683,"Community Loan Servicing, LLC (formerly known as Bayview Loan Servicing, LLC)",0
684,"Community Loan Servicing, LLC (formerly known as Bayview Loan Servicing, LLC)",0
685,"Community Loan Servicing, LLC (formerly known as Bayview Loan Servicing, LLC)",0
686,"Community Loan Servicing, LLC (formerly known as Bayview Loan Servicing, LLC)",0
687,"Community Loan Servicing, LLC (formerly known as Bayview Loan Servicing, LLC)",0
688,"Community Loan Servicing, LLC (formerly known as Bayview Loan Servicing, LLC)",0
689,"Community Loan Servicing, LLC (formerly known as Bayview Loan Servicing, LLC)",0
690,"Community Loan Servicing, LLC (formerly known as Bayview Loan Servicing, LLC)",0
691,"Community Loan Servicing, LLC (formerly known as Bayview Loan Servicing, LLC)",0
692,"Community Loan Servicing, LLC (formerly known as Bayview Loan Servicing, LLC)",0
693,"Seterus, Inc.",42
694,"Seterus, Inc.",172
695,"Seterus, Inc.",83
696,"Seterus, Inc.",5
697,"Seterus, Inc.",36
698,"Seterus, Inc.",15
699,"Seterus, Inc.",2
700,"Seterus, Inc.",22
701,"Seterus, Inc.",40
702,"Seterus, Inc.",4
703,"Seterus, Inc.",16
704,"Seterus, Inc.",35
705,"Seterus, Inc.",47
706,"Seterus, Inc.",54
707,"Seterus, Inc.",177
708,"Seterus, Inc.",3
709,"Seterus, Inc.",10
710,"Seterus, Inc.",36
711,"Seterus, Inc.",38
712,"Seterus, Inc.",0
713,"Seterus, Inc.",1
714,"Seterus, Inc.",1
715,"Seterus, Inc.",25
716,"Seterus, Inc.",3
717,"Seterus, Inc.",4
718,"Seterus, Inc.",1
719,"Seterus, Inc.",13
720,"Seterus, Inc.",4
721,"Seterus, Inc.",4
722,"Seterus, Inc.",17
723,"Seterus, Inc.",3
724,"Seterus, Inc.",8
725,"Seterus, Inc.",17
726,"Seterus, Inc.",13
727,"Seterus, Inc.",8
728,"Seterus, Inc.",9
729,"Seterus, Inc.",52
730,"Seterus, Inc.",5
731,"Seterus, Inc.",1
732,"Seterus, Inc.",4
733,"Seterus, Inc.",3
734,"Seterus, Inc.",7
735,"Seterus, Inc.",10
736,"Seterus, Inc.",8
737,"Seterus, Inc.",2
738,"Seterus, Inc.",0
739,"Seterus, Inc.",3
740,"Seterus, Inc.",13
741,"Seterus, Inc.",1
742,"Seterus, Inc.",14
743,"Seterus, Inc.",14
744,"Seterus, Inc.",0
745,"Seterus, Inc.",1
746,"Seterus, Inc.",0
747,"Seterus, Inc.",0
748,"Seterus, Inc.",4
749,"Seterus, Inc.",0
750,"Seterus, Inc.",0
751,"Seterus, Inc.",1
752,"Seterus, Inc.",0
753,"Seterus, Inc.",0
754,"Seterus, Inc.",0
755,"Seterus, Inc.",0
756,PNC Bank N.A.,84
757,PNC Bank N.A.,127
758,PNC Bank N.A.,52
759,PNC Bank N.A.,14
760,PNC Bank N.A.,83
761,PNC Bank N.A.,32
762,PNC Bank N.A.,4
763,PNC Bank N.A.,50
764,PNC Bank N.A.,42
765,PNC Bank N.A.,2
766,PNC Bank N.A.,8
767,PNC Bank N.A.,69
768,PNC Bank N.A.,108
769,PNC Bank N.A.,41
770,PNC Bank N.A.,91
771,PNC Bank N.A.,14
772,PNC Bank N.A.,4
773,PNC Bank N.A.,30
774,PNC Bank N.A.,21
775,PNC Bank N.A.,0
776,PNC Bank N.A.,1
777,PNC Bank N.A.,3
778,PNC Bank N.A.,44
779,PNC Bank N.A.,2
780,PNC Bank N.A.,3
781,PNC Bank N.A.,2
782,PNC Bank N.A.,13
783,PNC Bank N.A.,4
784,PNC Bank N.A.,6
785,PNC Bank N.A.,22
786,PNC Bank N.A.,4
787,PNC Bank N.A.,14
788,PNC Bank N.A.,17
789,PNC Bank N.A.,12
790,PNC Bank N.A.,15
791,PNC Bank N.A.,6
792,PNC Bank N.A.,60
793,PNC Bank N.A.,1
794,PNC Bank N.A.,2
795,PNC Bank N.A.,14
796,PNC Bank N.A.,5
797,PNC Bank N.A.,2
798,PNC Bank N.A.,3
799,PNC Bank N.A.,8
800,PNC Bank N.A.,4
801,PNC Bank N.A.,0
802,PNC Bank N.A.,4
803,PNC Bank N.A.,10
804,PNC Bank N.A.,0
805,PNC Bank N.A.,6
806,PNC Bank N.A.,10
807,PNC Bank N.A.,0
808,PNC Bank N.A.,0
809,PNC Bank N.A.,0
810,PNC Bank N.A.,1
811,PNC Bank N.A.,0
812,PNC Bank N.A.,0
813,PNC Bank N.A.,0
814,PNC Bank N.A.,0
815,PNC Bank N.A.,0
816,PNC Bank N.A.,0
817,PNC Bank N.A.,0
818,PNC Bank N.A.,0
819,"PENNYMAC LOAN SERVICES, LLC.",36
820,"PENNYMAC LOAN SERVICES, LLC.",159
821,"PENNYMAC LOAN SERVICES, LLC.",24
822,"PENNYMAC LOAN SERVICES, LLC.",18
823,"PENNYMAC LOAN SERVICES, LLC.",142
824,"PENNYMAC LOAN SERVICES, LLC.",25
825,"PENNYMAC LOAN SERVICES, LLC.",1
826,"PENNYMAC LOAN SERVICES, LLC.",24
827,"PENNYMAC LOAN SERVICES, LLC.",61
828,"PENNYMAC LOAN SERVICES, LLC.",8
829,"PENNYMAC LOAN SERVICES, LLC.",10
830,"PENNYMAC LOAN SERVICES, LLC.",61
831,"PENNYMAC LOAN SERVICES, LLC.",26
832,"PENNYMAC LOAN SERVICES, LLC.",71
833,"PENNYMAC LOAN SERVICES, LLC.",114
834,"PENNYMAC LOAN SERVICES, LLC.",4
835,"PENNYMAC LOAN SERVICES, LLC.",13
836,"PENNYMAC LOAN SERVICES, LLC.",13
837,"PENNYMAC LOAN SERVICES, LLC.",38
838,"PENNYMAC LOAN SERVICES, LLC.",0
839,"PENNYMAC LOAN SERVICES, LLC.",1
840,"PENNYMAC LOAN SERVICES, LLC.",0
841,"PENNYMAC LOAN SERVICES, LLC.",38
842,"PENNYMAC LOAN SERVICES, LLC.",3
843,"PENNYMAC LOAN SERVICES, LLC.",2
844,"PENNYMAC LOAN SERVICES, LLC.",6
845,"PENNYMAC LOAN SERVICES, LLC.",8
846,"PENNYMAC LOAN SERVICES, LLC.",2
847,"PENNYMAC LOAN SERVICES, LLC.",17
848,"PENNYMAC LOAN SERVICES, LLC.",32
849,"PENNYMAC LOAN SERVICES, LLC.",7
850,"PENNYMAC LOAN SERVICES, LLC.",11
851,"PENNYMAC LOAN SERVICES, LLC.",26
852,"PENNYMAC LOAN SERVICES, LLC.",14
853,"PENNYMAC LOAN SERVICES, LLC.",10
854,"PENNYMAC LOAN SERVICES, LLC.",14
855,"PENNYMAC LOAN SERVICES, LLC.",37
856,"PENNYMAC LOAN SERVICES, LLC.",3
857,"PENNYMAC LOAN SERVICES, LLC.",0
858,"PENNYMAC LOAN SERVICES, LLC.",11
859,"PENNYMAC LOAN SERVICES, LLC.",7
860,"PENNYMAC LOAN SERVICES, LLC.",2
861,"PENNYMAC LOAN SERVICES, LLC.",15
862,"PENNYMAC LOAN SERVICES, LLC.",25
863,"PENNYMAC LOAN SERVICES, LLC.",3
864,"PENNYMAC LOAN SERVICES, LLC.",2
865,"PENNYMAC LOAN SERVICES, LLC.",5
866,"PENNYMAC LOAN SERVICES, LLC.",32
867,"PENNYMAC LOAN SERVICES, LLC.",0
868,"PENNYMAC LOAN SERVICES, LLC.",6
869,"PENNYMAC LOAN SERVICES, LLC.",23
870,"PENNYMAC LOAN SERVICES, LLC.",0
871,"PENNYMAC LOAN SERVICES, LLC.",2
872,"PENNYMAC LOAN SERVICES, LLC.",0
873,"PENNYMAC LOAN SERVICES, LLC.",0
874,"PENNYMAC LOAN SERVICES, LLC.",1
875,"PENNYMAC LOAN SERVICES, LLC.",1
876,"PENNYMAC LOAN SERVICES, LLC.",0
877,"PENNYMAC LOAN SERVICES, LLC.",0
878,"PENNYMAC LOAN SERVICES, LLC.",0
879,"PENNYMAC LOAN SERVICES, LLC.",0
880,"PENNYMAC LOAN SERVICES, LLC.",0
881,"PENNYMAC LOAN SERVICES, LLC.",0
882,"Caliber Home Loans, Inc.",50
883,"Caliber Home Loans, Inc.",231
884,"Caliber Home Loans, Inc.",92
885,"Caliber Home Loans, Inc.",30
886,"Caliber Home Loans, Inc.",108
887,"Caliber Home Loans, Inc.",58
888,"Caliber Home Loans, Inc.",1
889,"Caliber Home Loans, Inc.",24
890,"Caliber Home Loans, Inc.",47
891,"Caliber Home Loans, Inc.",0
892,"Caliber Home Loans, Inc.",11
893,"Caliber Home Loans, Inc.",67
894,"Caliber Home Loans, Inc.",42
895,"Caliber Home Loans, Inc.",54
896,"Caliber Home Loans, Inc.",131
897,"Caliber Home Loans, Inc.",3
898,"Caliber Home Loans, Inc.",12
899,"Caliber Home Loans, Inc.",33
900,"Caliber Home Loans, Inc.",28
901,"Caliber Home Loans, Inc.",6
902,"Caliber Home Loans, Inc.",2
903,"Caliber Home Loans, Inc.",2
904,"Caliber Home Loans, Inc.",51
905,"Caliber Home Loans, Inc.",7
906,"Caliber Home Loans, Inc.",4
907,"Caliber Home Loans, Inc.",5
908,"Caliber Home Loans, Inc.",17
909,"Caliber Home Loans, Inc.",7
910,"Caliber Home Loans, Inc.",8
911,"Caliber Home Loans, Inc.",34
912,"Caliber Home Loans, Inc.",3
913,"Caliber Home Loans, Inc.",8
914,"Caliber Home Loans, Inc.",31
915,"Caliber Home Loans, Inc.",16
916,"Caliber Home Loans, Inc.",14
917,"Caliber Home Loans, Inc.",9
918,"Caliber Home Loans, Inc.",76
919,"Caliber Home Loans, Inc.",2
920,"Caliber Home Loans, Inc.",2
921,"Caliber Home Loans, Inc.",4
922,"Caliber Home Loans, Inc.",4
923,"Caliber Home Loans, Inc.",7
924,"Caliber Home Loans, Inc.",11
925,"Caliber Home Loans, Inc.",21
926,"Caliber Home Loans, Inc.",6
927,"Caliber Home Loans, Inc.",0
928,"Caliber Home Loans, Inc.",7
929,"Caliber Home Loans, Inc.",33
930,"Caliber Home Loans, Inc.",1
931,"Caliber Home Loans, Inc.",6
932,"Caliber Home Loans, Inc.",24
933,"Caliber Home Loans, Inc.",0
934,"Caliber Home Loans, Inc.",4
935,"Caliber Home Loans, Inc.",0
936,"Caliber Home Loans, Inc.",0
937,"Caliber Home Loans, Inc.",0
938,"Caliber Home Loans, Inc.",1
939,"Caliber Home Loans, Inc.",0
940,"Caliber Home Loans, Inc.",0
941,"Caliber Home Loans, Inc.",0
942,"Caliber Home Loans, Inc.",0
943,"Caliber Home Loans, Inc.",0
944,"Caliber Home Loans, Inc.",0
945,"CITIBANK, N.A.",40
946,"CITIBANK, N.A.",232
947,"CITIBANK, N.A.",174
948,"CITIBANK, N.A.",19
949,"CITIBANK, N.A.",93
950,"CITIBANK, N.A.",24
951,"CITIBANK, N.A.",0
952,"CITIBANK, N.A.",46
953,"CITIBANK, N.A.",33
954,"CITIBANK, N.A.",10
955,"CITIBANK, N.A.",19
956,"CITIBANK, N.A.",58
957,"CITIBANK, N.A.",69
958,"CITIBANK, N.A.",59
959,"CITIBANK, N.A.",119
960,"CITIBANK, N.A.",9
961,"CITIBANK, N.A.",27
962,"CITIBANK, N.A.",38
963,"CITIBANK, N.A.",23
964,"CITIBANK, N.A.",2
965,"CITIBANK, N.A.",3
966,"CITIBANK, N.A.",4
967,"CITIBANK, N.A.",44
968,"CITIBANK, N.A.",3
969,"CITIBANK, N.A.",9
970,"CITIBANK, N.A.",5
971,"CITIBANK, N.A.",26
972,"CITIBANK, N.A.",3
973,"CITIBANK, N.A.",10
974,"CITIBANK, N.A.",18
975,"CITIBANK, N.A.",2
976,"CITIBANK, N.A.",5
977,"CITIBANK, N.A.",43
978,"CITIBANK, N.A.",18
979,"CITIBANK, N.A.",13
980,"CITIBANK, N.A.",23
981,"CITIBANK, N.A.",51
982,"CITIBANK, N.A.",7
983,"CITIBANK, N.A.",1
984,"CITIBANK, N.A.",9
985,"CITIBANK, N.A.",4
986,"CITIBANK, N.A.",5
987,"CITIBANK, N.A.",7
988,"CITIBANK, N.A.",18
989,"CITIBANK, N.A.",3
990,"CITIBANK, N.A.",7
991,"CITIBANK, N.A.",9
992,"CITIBANK, N.A.",11
993,"CITIBANK, N.A.",0
994,"CITIBANK, N.A.",7
995,"CITIBANK, N.A.",21
996,"CITIBANK, N.A.",0
997,"CITIBANK, N.A.",2
998,"CITIBANK, N.A.",0
999,"CITIBANK, N.A.",0
1000,"CITIBANK, N.A.",4
1001,"CITIBANK, N.A.",0
1002,"CITIBANK, N.A.",0
1003,"CITIBANK, N.A.",0
1004,"CITIBANK, N.A.",0
1005,"CITIBANK, N.A.",1
1006,"CITIBANK, N.A.",0
1007,"CITIBANK, N.A.",0
1008,"CARRINGTON MORTGAGE SERVICES, LLC",54
1009,"CARRINGTON MORTGAGE SERVICES, LLC",133
1010,"CARRINGTON MORTGAGE SERVICES, LLC",73
1011,"CARRINGTON MORTGAGE SERVICES, LLC",32
1012,"CARRINGTON MORTGAGE SERVICES, LLC",161
1013,"CARRINGTON MORTGAGE SERVICES, LLC",32
1014,"CARRINGTON MORTGAGE SERVICES, LLC",4
1015,"CARRINGTON MORTGAGE SERVICES, LLC",34
1016,"CARRINGTON MORTGAGE SERVICES, LLC",43
1017,"CARRINGTON MORTGAGE SERVICES, LLC",11
1018,"CARRINGTON MORTGAGE SERVICES, LLC",21
1019,"CARRINGTON MORTGAGE SERVICES, LLC",57
1020,"CARRINGTON MORTGAGE SERVICES, LLC",69
1021,"CARRINGTON MORTGAGE SERVICES, LLC",100
1022,"CARRINGTON MORTGAGE SERVICES, LLC",126
1023,"CARRINGTON MORTGAGE SERVICES, LLC",7
1024,"CARRINGTON MORTGAGE SERVICES, LLC",13
1025,"CARRINGTON MORTGAGE SERVICES, LLC",32
1026,"CARRINGTON MORTGAGE SERVICES, LLC",36
1027,"CARRINGTON MORTGAGE SERVICES, LLC",4
1028,"CARRINGTON MORTGAGE SERVICES, LLC",1
1029,"CARRINGTON MORTGAGE SERVICES, LLC",2
1030,"CARRINGTON MORTGAGE SERVICES, LLC",60
1031,"CARRINGTON MORTGAGE SERVICES, LLC",9
1032,"CARRINGTON MORTGAGE SERVICES, LLC",14
1033,"CARRINGTON MORTGAGE SERVICES, LLC",3
1034,"CARRINGTON MORTGAGE SERVICES, LLC",31
1035,"CARRINGTON MORTGAGE SERVICES, LLC",5
1036,"CARRINGTON MORTGAGE SERVICES, LLC",6
1037,"CARRINGTON MORTGAGE SERVICES, LLC",20
1038,"CARRINGTON MORTGAGE SERVICES, LLC",11
1039,"CARRINGTON MORTGAGE SERVICES, LLC",9
1040,"CARRINGTON MORTGAGE SERVICES, LLC",28
1041,"CARRINGTON MORTGAGE SERVICES, LLC",22
1042,"CARRINGTON MORTGAGE SERVICES, LLC",24
1043,"CARRINGTON MORTGAGE SERVICES, LLC",15
1044,"CARRINGTON MORTGAGE SERVICES, LLC",52
1045,"CARRINGTON MORTGAGE SERVICES, LLC",10
1046,"CARRINGTON MORTGAGE SERVICES, LLC",2
1047,"CARRINGTON MORTGAGE SERVICES, LLC",12
1048,"CARRINGTON MORTGAGE SERVICES, LLC",5
1049,"CARRINGTON MORTGAGE SERVICES, LLC",17
1050,"CARRINGTON MORTGAGE SERVICES, LLC",27
1051,"CARRINGTON MORTGAGE SERVICES, LLC",16
1052,"CARRINGTON MORTGAGE SERVICES, LLC",3
1053,"CARRINGTON MORTGAGE SERVICES, LLC",1
1054,"CARRINGTON MORTGAGE SERVICES, LLC",10
1055,"CARRINGTON MORTGAGE SERVICES, LLC",57
1056,"CARRINGTON MORTGAGE SERVICES, LLC",1
1057,"CARRINGTON MORTGAGE SERVICES, LLC",8
1058,"CARRINGTON MORTGAGE SERVICES, LLC",6
1059,"CARRINGTON MORTGAGE SERVICES, LLC",0
1060,"CARRINGTON MORTGAGE SERVICES, LLC",1
1061,"CARRINGTON MORTGAGE SERVICES, LLC",1
1062,"CARRINGTON MORTGAGE SERVICES, LLC",2
1063,"CARRINGTON MORTGAGE SERVICES, LLC",0
1064,"CARRINGTON MORTGAGE SERVICES, LLC",0
1065,"CARRINGTON MORTGAGE SERVICES, LLC",0
1066,"CARRINGTON MORTGAGE SERVICES, LLC",0
1067,"CARRINGTON MORTGAGE SERVICES, LLC",0
1068,"CARRINGTON MORTGAGE SERVICES, LLC",0
1069,"CARRINGTON MORTGAGE SERVICES, LLC",0
1070,"CARRINGTON MORTGAGE SERVICES, LLC",0
1071,U.S. BANCORP,26
1072,U.S. BANCORP,213
1073,U.S. BANCORP,24
1074,U.S. BANCORP,4
1075,U.S. BANCORP,93
1076,U.S. BANCORP,49
1077,U.S. BANCORP,6
1078,U.S. BANCORP,92
1079,U.S. BANCORP,49
1080,U.S. BANCORP,21
1081,U.S. BANCORP,49
1082,U.S. BANCORP,39
1083,U.S. BANCORP,95
1084,U.S. BANCORP,35
1085,U.S. BANCORP,142
1086,U.S. BANCORP,4
1087,U.S. BANCORP,25
1088,U.S. BANCORP,21
1089,U.S. BANCORP,60
1090,U.S. BANCORP,4
1091,U.S. BANCORP,7
1092,U.S. BANCORP,1
1093,U.S. BANCORP,36
1094,U.S. BANCORP,5
1095,U.S. BANCORP,6
1096,U.S. BANCORP,7
1097,U.S. BANCORP,50
1098,U.S. BANCORP,15
1099,U.S. BANCORP,14
1100,U.S. BANCORP,52
1101,U.S. BANCORP,8
1102,U.S. BANCORP,16
1103,U.S. BANCORP,27
1104,U.S. BANCORP,30
1105,U.S. BANCORP,12
1106,U.S. BANCORP,69
1107,U.S. BANCORP,23
1108,U.S. BANCORP,8
1109,U.S. BANCORP,5
1110,U.S. BANCORP,14
1111,U.S. BANCORP,5
1112,U.S. BANCORP,21
1113,U.S. BANCORP,31
1114,U.S. BANCORP,33
1115,U.S. BANCORP,2
1116,U.S. BANCORP,5
1117,U.S. BANCORP,4
1118,U.S. BANCORP,36
1119,U.S. BANCORP,0
1120,U.S. BANCORP,9
1121,U.S. BANCORP,30
1122,U.S. BANCORP,0
1123,U.S. BANCORP,1
1124,U.S. BANCORP,0
1125,U.S. BANCORP,0
1126,U.S. BANCORP,0
1127,U.S. BANCORP,0
1128,U.S. BANCORP,0
1129,U.S. BANCORP,0
1130,U.S. BANCORP,1
1131,U.S. BANCORP,0
1132,U.S. BANCORP,0
1133,U.S. BANCORP,0
1134,"Rocket Mortgage, LLC",59
1135,"Rocket Mortgage, LLC",229
1136,"Rocket Mortgage, LLC",81
1137,"Rocket Mortgage, LLC",14
1138,"Rocket Mortgage, LLC",146
1139,"Rocket Mortgage, LLC",35
1140,"Rocket Mortgage, LLC",5
1141,"Rocket Mortgage, LLC",59
1142,"Rocket Mortgage, LLC",44
1143,"Rocket Mortgage, LLC",8
1144,"Rocket Mortgage, LLC",16
1145,"Rocket Mortgage, LLC",52
1146,"Rocket Mortgage, LLC",61
1147,"Rocket Mortgage, LLC",65
1148,"Rocket Mortgage, LLC",145
1149,"Rocket Mortgage, LLC",7
1150,"Rocket Mortgage, LLC",19
1151,"Rocket Mortgage, LLC",65
1152,"Rocket Mortgage, LLC",44
1153,"Rocket Mortgage, LLC",8
1154,"Rocket Mortgage, LLC",1
1155,"Rocket Mortgage, LLC",2
1156,"Rocket Mortgage, LLC",60
1157,"Rocket Mortgage, LLC",9
1158,"Rocket Mortgage, LLC",7
1159,"Rocket Mortgage, LLC",7
1160,"Rocket Mortgage, LLC",31
1161,"Rocket Mortgage, LLC",6
1162,"Rocket Mortgage, LLC",14
1163,"Rocket Mortgage, LLC",30
1164,"Rocket Mortgage, LLC",7
1165,"Rocket Mortgage, LLC",7
1166,"Rocket Mortgage, LLC",25
1167,"Rocket Mortgage, LLC",29
1168,"Rocket Mortgage, LLC",20
1169,"Rocket Mortgage, LLC",16
1170,"Rocket Mortgage, LLC",71
1171,"Rocket Mortgage, LLC",11
1172,"Rocket Mortgage, LLC",1
1173,"Rocket Mortgage, LLC",17
1174,"Rocket Mortgage, LLC",11
1175,"Rocket Mortgage, LLC",19
1176,"Rocket Mortgage, LLC",17
1177,"Rocket Mortgage, LLC",20
1178,"Rocket Mortgage, LLC",6
1179,"Rocket Mortgage, LLC",0
1180,"Rocket Mortgage, LLC",6
1181,"Rocket Mortgage, LLC",26
1182,"Rocket Mortgage, LLC",1
1183,"Rocket Mortgage, LLC",7
1184,"Rocket Mortgage, LLC",17
1185,"Rocket Mortgage, LLC",0
1186,"Rocket Mortgage, LLC",1
1187,"Rocket Mortgage, LLC",0
1188,"Rocket Mortgage, LLC",0
1189,"Rocket Mortgage, LLC",0
1190,"Rocket Mortgage, LLC",0
1191,"Rocket Mortgage, LLC",0
1192,"Rocket Mortgage, LLC",0
1193,"Rocket Mortgage, LLC",0
1194,"Rocket Mortgage, LLC",0
1195,"Rocket Mortgage, LLC",0
1196,"Rocket Mortgage, LLC",0
1197,Freedom Mortgage Company,82
1198,Freedom Mortgage Company,304
1199,Freedom Mortgage Company,74
1200,Freedom Mortgage Company,29
1201,Freedom Mortgage Company,225
1202,Freedom Mortgage Company,83
1203,Freedom Mortgage Company,6
1204,Freedom Mortgage Company,55
1205,Freedom Mortgage Company,92
1206,Freedom Mortgage Company,7
1207,Freedom Mortgage Company,32
1208,Freedom Mortgage Company,82
1209,Freedom Mortgage Company,61
1210,Freedom Mortgage Company,105
1211,Freedom Mortgage Company,198
1212,Freedom Mortgage Company,10
1213,Freedom Mortgage Company,25
1214,Freedom Mortgage Company,46
1215,Freedom Mortgage Company,77
1216,Freedom Mortgage Company,9
1217,Freedom Mortgage Company,1
1218,Freedom Mortgage Company,7
1219,Freedom Mortgage Company,84
1220,Freedom Mortgage Company,10
1221,Freedom Mortgage Company,13
1222,Freedom Mortgage Company,15
1223,Freedom Mortgage Company,27
1224,Freedom Mortgage Company,7
1225,Freedom Mortgage Company,37
1226,Freedom Mortgage Company,82
1227,Freedom Mortgage Company,7
1228,Freedom Mortgage Company,9
1229,Freedom Mortgage Company,53
1230,Freedom Mortgage Company,33
1231,Freedom Mortgage Company,43
1232,Freedom Mortgage Company,38
1233,Freedom Mortgage Company,63
1234,Freedom Mortgage Company,13
1235,Freedom Mortgage Company,2
1236,Freedom Mortgage Company,13
1237,Freedom Mortgage Company,14
1238,Freedom Mortgage Company,14
1239,Freedom Mortgage Company,30
1240,Freedom Mortgage Company,49
1241,Freedom Mortgage Company,6
1242,Freedom Mortgage Company,3
1243,Freedom Mortgage Company,14
1244,Freedom Mortgage Company,36
1245,Freedom Mortgage Company,2
1246,Freedom Mortgage Company,27
1247,Freedom Mortgage Company,38
1248,Freedom Mortgage Company,0
1249,Freedom Mortgage Company,6
1250,Freedom Mortgage Company,1
1251,Freedom Mortgage Company,1
1252,Freedom Mortgage Company,0
1253,Freedom Mortgage Company,0
1254,Freedom Mortgage Company,0
1255,Freedom Mortgage Company,0
1256,Freedom Mortgage Company,0
1257,Freedom Mortgage Company,0
1258,Freedom Mortgage Company,0
1259,Freedom Mortgage Company,0
1260,Specialized Loan Servicing Holdings LLC,66
1261,Specialized Loan Servicing Holdings LLC,603
1262,Specialized Loan Servicing Holdings LLC,136
1263,Specialized Loan Servicing Holdings LLC,14
1264,Specialized Loan Servicing Holdings LLC,105
1265,Specialized Loan Servicing Holdings LLC,52
1266,Specialized Loan Servicing Holdings LLC,3
1267,Specialized Loan Servicing Holdings LLC,38
1268,Specialized Loan Servicing Holdings LLC,85
1269,Specialized Loan Servicing Holdings LLC,8
1270,Specialized Loan Servicing Holdings LLC,24
1271,Specialized Loan Servicing Holdings LLC,101
1272,Specialized Loan Servicing Holdings LLC,78
1273,Specialized Loan Servicing Holdings LLC,127
1274,Specialized Loan Servicing Holdings LLC,278
1275,Specialized Loan Servicing Holdings LLC,9
1276,Specialized Loan Servicing Holdings LLC,27
1277,Specialized Loan Servicing Holdings LLC,40
1278,Specialized Loan Servicing Holdings LLC,62
1279,Specialized Loan Servicing Holdings LLC,10
1280,Specialized Loan Servicing Holdings LLC,15
1281,Specialized Loan Servicing Holdings LLC,1
1282,Specialized Loan Servicing Holdings LLC,88
1283,Specialized Loan Servicing Holdings LLC,5
1284,Specialized Loan Servicing Holdings LLC,11
1285,Specialized Loan Servicing Holdings LLC,12
1286,Specialized Loan Servicing Holdings LLC,27
1287,Specialized Loan Servicing Holdings LLC,11
1288,Specialized Loan Servicing Holdings LLC,42
1289,Specialized Loan Servicing Holdings LLC,45
1290,Specialized Loan Servicing Holdings LLC,10
1291,Specialized Loan Servicing Holdings LLC,11
1292,Specialized Loan Servicing Holdings LLC,72
1293,Specialized Loan Servicing Holdings LLC,27
1294,Specialized Loan Servicing Holdings LLC,29
1295,Specialized Loan Servicing Holdings LLC,19
1296,Specialized Loan Servicing Holdings LLC,82
1297,Specialized Loan Servicing Holdings LLC,6
1298,Specialized Loan Servicing Holdings LLC,2
1299,Specialized Loan Servicing Holdings LLC,16
1300,Specialized Loan Servicing Holdings LLC,9
1301,Specialized Loan Servicing Holdings LLC,12
1302,Specialized Loan Servicing Holdings LLC,19
1303,Specialized Loan Servicing Holdings LLC,28
1304,Specialized Loan Servicing Holdings LLC,9
1305,Specialized Loan Servicing Holdings LLC,0
1306,Specialized Loan Servicing Holdings LLC,11
1307,Specialized Loan Servicing Holdings LLC,36
1308,Specialized Loan Servicing Holdings LLC,0
1309,Specialized Loan Servicing Holdings LLC,9
1310,Specialized Loan Servicing Holdings LLC,23
1311,Specialized Loan Servicing Holdings LLC,0
1312,Specialized Loan Servicing Holdings LLC,0
1313,Specialized Loan Servicing Holdings LLC,1
1314,Specialized Loan Servicing Holdings LLC,0
1315,Specialized Loan Servicing Holdings LLC,0
1316,Specialized Loan Servicing Holdings LLC,0
1317,Specialized Loan Servicing Holdings LLC,0
1318,Specialized Loan Servicing Holdings LLC,0
1319,Specialized Loan Servicing Holdings LLC,0
1320,Specialized Loan Servicing Holdings LLC,0
1321,Specialized Loan Servicing Holdings LLC,0
1322,Specialized Loan Servicing Holdings LLC,0
1323,"LoanCare, LLC",81
1324,"LoanCare, LLC",447
1325,"LoanCare, LLC",107
1326,"LoanCare, LLC",27
1327,"LoanCare, LLC",204
1328,"LoanCare, LLC",120
1329,"LoanCare, LLC",9
1330,"LoanCare, LLC",50
1331,"LoanCare, LLC",88
1332,"LoanCare, LLC",9
1333,"LoanCare, LLC",35
1334,"LoanCare, LLC",85
1335,"LoanCare, LLC",67
1336,"LoanCare, LLC",113
1337,"LoanCare, LLC",245
1338,"LoanCare, LLC",15
1339,"LoanCare, LLC",27
1340,"LoanCare, LLC",102
1341,"LoanCare, LLC",111
1342,"LoanCare, LLC",8
1343,"LoanCare, LLC",3
1344,"LoanCare, LLC",5
1345,"LoanCare, LLC",70
1346,"LoanCare, LLC",5
1347,"LoanCare, LLC",3
1348,"LoanCare, LLC",8
1349,"LoanCare, LLC",26
1350,"LoanCare, LLC",14
1351,"LoanCare, LLC",31
1352,"LoanCare, LLC",64
1353,"LoanCare, LLC",9
1354,"LoanCare, LLC",17
1355,"LoanCare, LLC",42
1356,"LoanCare, LLC",26
1357,"LoanCare, LLC",48
1358,"LoanCare, LLC",31
1359,"LoanCare, LLC",102
1360,"LoanCare, LLC",13
1361,"LoanCare, LLC",4
1362,"LoanCare, LLC",15
1363,"LoanCare, LLC",14
1364,"LoanCare, LLC",12
1365,"LoanCare, LLC",15
1366,"LoanCare, LLC",37
1367,"LoanCare, LLC",5
1368,"LoanCare, LLC",1
1369,"LoanCare, LLC",7
1370,"LoanCare, LLC",32
1371,"LoanCare, LLC",6
1372,"LoanCare, LLC",7
1373,"LoanCare, LLC",32
1374,"LoanCare, LLC",0
1375,"LoanCare, LLC",1
1376,"LoanCare, LLC",3
1377,"LoanCare, LLC",3
1378,"LoanCare, LLC",2
1379,"LoanCare, LLC",2
1380,"LoanCare, LLC",0
1381,"LoanCare, LLC",0
1382,"LoanCare, LLC",0
1383,"LoanCare, LLC",0
1384,"LoanCare, LLC",0
1385,"LoanCare, LLC",0
1386,"Shellpoint Partners, LLC",107
1387,"Shellpoint Partners, LLC",603
1388,"Shellpoint Partners, LLC",168
1389,"Shellpoint Partners, LLC",33
1390,"Shellpoint Partners, LLC",234
1391,"Shellpoint Partners, LLC",76
1392,"Shellpoint Partners, LLC",3
1393,"Shellpoint Partners, LLC",73
1394,"Shellpoint Partners, LLC",98
1395,"Shellpoint Partners, LLC",7
1396,"Shellpoint Partners, LLC",28
1397,"Shellpoint Partners, LLC",113
1398,"Shellpoint Partners, LLC",127
1399,"Shellpoint Partners, LLC",155
1400,"Shellpoint Partners, LLC",318
1401,"Shellpoint Partners, LLC",20
1402,"Shellpoint Partners, LLC",52
1403,"Shellpoint Partners, LLC",62
1404,"Shellpoint Partners, LLC",74
1405,"Shellpoint Partners, LLC",2
1406,"Shellpoint Partners, LLC",3
1407,"Shellpoint Partners, LLC",6
1408,"Shellpoint Partners, LLC",119
1409,"Shellpoint Partners, LLC",8
1410,"Shellpoint Partners, LLC",4
1411,"Shellpoint Partners, LLC",8
1412,"Shellpoint Partners, LLC",27
1413,"Shellpoint Partners, LLC",3
1414,"Shellpoint Partners, LLC",27
1415,"Shellpoint Partners, LLC",63
1416,"Shellpoint Partners, LLC",7
1417,"Shellpoint Partners, LLC",17
1418,"Shellpoint Partners, LLC",60
1419,"Shellpoint Partners, LLC",24
1420,"Shellpoint Partners, LLC",43
1421,"Shellpoint Partners, LLC",43
1422,"Shellpoint Partners, LLC",142
1423,"Shellpoint Partners, LLC",12
1424,"Shellpoint Partners, LLC",1
1425,"Shellpoint Partners, LLC",10
1426,"Shellpoint Partners, LLC",10
1427,"Shellpoint Partners, LLC",26
1428,"Shellpoint Partners, LLC",36
1429,"Shellpoint Partners, LLC",42
1430,"Shellpoint Partners, LLC",7
1431,"Shellpoint Partners, LLC",2
1432,"Shellpoint Partners, LLC",9
1433,"Shellpoint Partners, LLC",39
1434,"Shellpoint Partners, LLC",3
1435,"Shellpoint Partners, LLC",9
1436,"Shellpoint Partners, LLC",37
1437,"Shellpoint Partners, LLC",0
1438,"Shellpoint Partners, LLC",4
1439,"Shellpoint Partners, LLC",1
1440,"Shellpoint Partners, LLC",0
1441,"Shellpoint Partners, LLC",2
1442,"Shellpoint Partners, LLC",0
1443,"Shellpoint Partners, LLC",0
1444,"Shellpoint Partners, LLC",0
1445,"Shellpoint Partners, LLC",0
1446,"Shellpoint Partners, LLC",0
1447,"Shellpoint Partners, LLC",0
1448,"Shellpoint Partners, LLC",0
1449,"SELECT PORTFOLIO SERVICING, INC.",126
1450,"SELECT PORTFOLIO SERVICING, INC.",796
1451,"SELECT PORTFOLIO SERVICING, INC.",144
1452,"SELECT PORTFOLIO SERVICING, INC.",7
1453,"SELECT PORTFOLIO SERVICING, INC.",161
1454,"SELECT PORTFOLIO SERVICING, INC.",58
1455,"SELECT PORTFOLIO SERVICING, INC.",3
1456,"SELECT PORTFOLIO SERVICING, INC.",62
1457,"SELECT PORTFOLIO SERVICING, INC.",84
1458,"SELECT PORTFOLIO SERVICING, INC.",11
1459,"SELECT PORTFOLIO SERVICING, INC.",26
1460,"SELECT PORTFOLIO SERVICING, INC.",97
1461,"SELECT PORTFOLIO SERVICING, INC.",131
1462,"SELECT PORTFOLIO SERVICING, INC.",242
1463,"SELECT PORTFOLIO SERVICING, INC.",355
1464,"SELECT PORTFOLIO SERVICING, INC.",20
1465,"SELECT PORTFOLIO SERVICING, INC.",25
1466,"SELECT PORTFOLIO SERVICING, INC.",61
1467,"SELECT PORTFOLIO SERVICING, INC.",67
1468,"SELECT PORTFOLIO SERVICING, INC.",0
1469,"SELECT PORTFOLIO SERVICING, INC.",1
1470,"SELECT PORTFOLIO SERVICING, INC.",11
1471,"SELECT PORTFOLIO SERVICING, INC.",53
1472,"SELECT PORTFOLIO SERVICING, INC.",5
1473,"SELECT PORTFOLIO SERVICING, INC.",25
1474,"SELECT PORTFOLIO SERVICING, INC.",4
1475,"SELECT PORTFOLIO SERVICING, INC.",40
1476,"SELECT PORTFOLIO SERVICING, INC.",3
1477,"SELECT PORTFOLIO SERVICING, INC.",19
1478,"SELECT PORTFOLIO SERVICING, INC.",22
1479,"SELECT PORTFOLIO SERVICING, INC.",11
1480,"SELECT PORTFOLIO SERVICING, INC.",21
1481,"SELECT PORTFOLIO SERVICING, INC.",88
1482,"SELECT PORTFOLIO SERVICING, INC.",20
1483,"SELECT PORTFOLIO SERVICING, INC.",36
1484,"SELECT PORTFOLIO SERVICING, INC.",19
1485,"SELECT PORTFOLIO SERVICING, INC.",126
1486,"SELECT PORTFOLIO SERVICING, INC.",5
1487,"SELECT PORTFOLIO SERVICING, INC.",0
1488,"SELECT PORTFOLIO SERVICING, INC.",15
1489,"SELECT PORTFOLIO SERVICING, INC.",20
1490,"SELECT PORTFOLIO SERVICING, INC.",28
1491,"SELECT PORTFOLIO SERVICING, INC.",29
1492,"SELECT PORTFOLIO SERVICING, INC.",43
1493,"SELECT PORTFOLIO SERVICING, INC.",7
1494,"SELECT PORTFOLIO SERVICING, INC.",1
1495,"SELECT PORTFOLIO SERVICING, INC.",9
1496,"SELECT PORTFOLIO SERVICING, INC.",87
1497,"SELECT PORTFOLIO SERVICING, INC.",0
1498,"SELECT PORTFOLIO SERVICING, INC.",7
1499,"SELECT PORTFOLIO SERVICING, INC.",21
1500,"SELECT PORTFOLIO SERVICING, INC.",0
1501,"SELECT PORTFOLIO SERVICING, INC.",3
1502,"SELECT PORTFOLIO SERVICING, INC.",1
1503,"SELECT PORTFOLIO SERVICING, INC.",0
1504,"SELECT PORTFOLIO SERVICING, INC.",11
1505,"SELECT PORTFOLIO SERVICING, INC.",0
1506,"SELECT PORTFOLIO SERVICING, INC.",0
1507,"SELECT PORTFOLIO SERVICING, INC.",0
1508,"SELECT PORTFOLIO SERVICING, INC.",0
1509,"SELECT PORTFOLIO SERVICING, INC.",0
1510,"SELECT PORTFOLIO SERVICING, INC.",0
1511,"SELECT PORTFOLIO SERVICING, INC.",0
1512,JPMORGAN CHASE & CO.,87
1513,JPMORGAN CHASE & CO.,584
1514,JPMORGAN CHASE & CO.,276
1515,JPMORGAN CHASE & CO.,33
1516,JPMORGAN CHASE & CO.,299
1517,JPMORGAN CHASE & CO.,89
1518,JPMORGAN CHASE & CO.,9
1519,JPMORGAN CHASE & CO.,87
1520,JPMORGAN CHASE & CO.,117
1521,JPMORGAN CHASE & CO.,25
1522,JPMORGAN CHASE & CO.,29
1523,JPMORGAN CHASE & CO.,104
1524,JPMORGAN CHASE & CO.,164
1525,JPMORGAN CHASE & CO.,209
1526,JPMORGAN CHASE & CO.,270
1527,JPMORGAN CHASE & CO.,21
1528,JPMORGAN CHASE & CO.,49
1529,JPMORGAN CHASE & CO.,108
1530,JPMORGAN CHASE & CO.,89
1531,JPMORGAN CHASE & CO.,2
1532,JPMORGAN CHASE & CO.,1
1533,JPMORGAN CHASE & CO.,5
1534,JPMORGAN CHASE & CO.,88
1535,JPMORGAN CHASE & CO.,11
1536,JPMORGAN CHASE & CO.,16
1537,JPMORGAN CHASE & CO.,7
1538,JPMORGAN CHASE & CO.,31
1539,JPMORGAN CHASE & CO.,1
1540,JPMORGAN CHASE & CO.,23
1541,JPMORGAN CHASE & CO.,67
1542,JPMORGAN CHASE & CO.,9
1543,JPMORGAN CHASE & CO.,22
1544,JPMORGAN CHASE & CO.,108
1545,JPMORGAN CHASE & CO.,55
1546,JPMORGAN CHASE & CO.,33
1547,JPMORGAN CHASE & CO.,39
1548,JPMORGAN CHASE & CO.,124
1549,JPMORGAN CHASE & CO.,10
1550,JPMORGAN CHASE & CO.,1
1551,JPMORGAN CHASE & CO.,14
1552,JPMORGAN CHASE & CO.,8
1553,JPMORGAN CHASE & CO.,20
1554,JPMORGAN CHASE & CO.,57
1555,JPMORGAN CHASE & CO.,47
1556,JPMORGAN CHASE & CO.,8
1557,JPMORGAN CHASE & CO.,0
1558,JPMORGAN CHASE & CO.,6
1559,JPMORGAN CHASE & CO.,50
1560,JPMORGAN CHASE & CO.,2
1561,JPMORGAN CHASE & CO.,4
1562,JPMORGAN CHASE & CO.,40
1563,JPMORGAN CHASE & CO.,0
1564,JPMORGAN CHASE & CO.,1
1565,JPMORGAN CHASE & CO.,0
1566,JPMORGAN CHASE & CO.,1
1567,JPMORGAN CHASE & CO.,1
1568,JPMORGAN CHASE & CO.,0
1569,JPMORGAN CHASE & CO.,0
1570,JPMORGAN CHASE & CO.,0
1571,JPMORGAN CHASE & CO.,0
1572,JPMORGAN CHASE & CO.,0
1573,JPMORGAN CHASE & CO.,0
1574,JPMORGAN CHASE & CO.,0
1575,Ditech Financial LLC,141
1576,Ditech Financial LLC,426
1577,Ditech Financial LLC,134
1578,Ditech Financial LLC,81
1579,Ditech Financial LLC,266
1580,Ditech Financial LLC,83
1581,Ditech Financial LLC,9
1582,Ditech Financial LLC,105
1583,Ditech Financial LLC,102
1584,Ditech Financial LLC,20
1585,Ditech Financial LLC,47
1586,Ditech Financial LLC,106
1587,Ditech Financial LLC,141
1588,Ditech Financial LLC,209
1589,Ditech Financial LLC,340
1590,Ditech Financial LLC,14
1591,Ditech Financial LLC,33
1592,Ditech Financial LLC,89
1593,Ditech Financial LLC,109
1594,Ditech Financial LLC,0
1595,Ditech Financial LLC,4
1596,Ditech Financial LLC,14
1597,Ditech Financial LLC,129
1598,Ditech Financial LLC,13
1599,Ditech Financial LLC,43
1600,Ditech Financial LLC,16
1601,Ditech Financial LLC,60
1602,Ditech Financial LLC,9
1603,Ditech Financial LLC,35
1604,Ditech Financial LLC,90
1605,Ditech Financial LLC,17
1606,Ditech Financial LLC,8
1607,Ditech Financial LLC,89
1608,Ditech Financial LLC,46
1609,Ditech Financial LLC,72
1610,Ditech Financial LLC,43
1611,Ditech Financial LLC,139
1612,Ditech Financial LLC,23
1613,Ditech Financial LLC,5
1614,Ditech Financial LLC,24
1615,Ditech Financial LLC,11
1616,Ditech Financial LLC,24
1617,Ditech Financial LLC,46
1618,Ditech Financial LLC,42
1619,Ditech Financial LLC,14
1620,Ditech Financial LLC,2
1621,Ditech Financial LLC,13
1622,Ditech Financial LLC,50
1623,Ditech Financial LLC,2
1624,Ditech Financial LLC,12
1625,Ditech Financial LLC,44
1626,Ditech Financial LLC,0
1627,Ditech Financial LLC,11
1628,Ditech Financial LLC,3
1629,Ditech Financial LLC,0
1630,Ditech Financial LLC,1
1631,Ditech Financial LLC,0
1632,Ditech Financial LLC,1
1633,Ditech Financial LLC,0
1634,Ditech Financial LLC,0
1635,Ditech Financial LLC,0
1636,Ditech Financial LLC,1
1637,Ditech Financial LLC,0
1638,"BANK OF AMERICA, NATIONAL ASSOCIATION",134
1639,"BANK OF AMERICA, NATIONAL ASSOCIATION",1056
1640,"BANK OF AMERICA, NATIONAL ASSOCIATION",238
1641,"BANK OF AMERICA, NATIONAL ASSOCIATION",39
1642,"BANK OF AMERICA, NATIONAL ASSOCIATION",303
1643,"BANK OF AMERICA, NATIONAL ASSOCIATION",123
1644,"BANK OF AMERICA, NATIONAL ASSOCIATION",5
1645,"BANK OF AMERICA, NATIONAL ASSOCIATION",83
1646,"BANK OF AMERICA, NATIONAL ASSOCIATION",162
1647,"BANK OF AMERICA, NATIONAL ASSOCIATION",17
1648,"BANK OF AMERICA, NATIONAL ASSOCIATION",29
1649,"BANK OF AMERICA, NATIONAL ASSOCIATION",149
1650,"BANK OF AMERICA, NATIONAL ASSOCIATION",183
1651,"BANK OF AMERICA, NATIONAL ASSOCIATION",238
1652,"BANK OF AMERICA, NATIONAL ASSOCIATION",568
1653,"BANK OF AMERICA, NATIONAL ASSOCIATION",24
1654,"BANK OF AMERICA, NATIONAL ASSOCIATION",71
1655,"BANK OF AMERICA, NATIONAL ASSOCIATION",93
1656,"BANK OF AMERICA, NATIONAL ASSOCIATION",118
1657,"BANK OF AMERICA, NATIONAL ASSOCIATION",4
1658,"BANK OF AMERICA, NATIONAL ASSOCIATION",6
1659,"BANK OF AMERICA, NATIONAL ASSOCIATION",3
1660,"BANK OF AMERICA, NATIONAL ASSOCIATION",187
1661,"BANK OF AMERICA, NATIONAL ASSOCIATION",19
1662,"BANK OF AMERICA, NATIONAL ASSOCIATION",21
1663,"BANK OF AMERICA, NATIONAL ASSOCIATION",8
1664,"BANK OF AMERICA, NATIONAL ASSOCIATION",66
1665,"BANK OF AMERICA, NATIONAL ASSOCIATION",9
1666,"BANK OF AMERICA, NATIONAL ASSOCIATION",32
1667,"BANK OF AMERICA, NATIONAL ASSOCIATION",75
1668,"BANK OF AMERICA, NATIONAL ASSOCIATION",23
1669,"BANK OF AMERICA, NATIONAL ASSOCIATION",34
1670,"BANK OF AMERICA, NATIONAL ASSOCIATION",153
1671,"BANK OF AMERICA, NATIONAL ASSOCIATION",19
1672,"BANK OF AMERICA, NATIONAL ASSOCIATION",75
1673,"BANK OF AMERICA, NATIONAL ASSOCIATION",41
1674,"BANK OF AMERICA, NATIONAL ASSOCIATION",199
1675,"BANK OF AMERICA, NATIONAL ASSOCIATION",23
1676,"BANK OF AMERICA, NATIONAL ASSOCIATION",4
1677,"BANK OF AMERICA, NATIONAL ASSOCIATION",17
1678,"BANK OF AMERICA, NATIONAL ASSOCIATION",36
1679,"BANK OF AMERICA, NATIONAL ASSOCIATION",25
1680,"BANK OF AMERICA, NATIONAL ASSOCIATION",27
1681,"BANK OF AMERICA, NATIONAL ASSOCIATION",67
1682,"BANK OF AMERICA, NATIONAL ASSOCIATION",16
1683,"BANK OF AMERICA, NATIONAL ASSOCIATION",0
1684,"BANK OF AMERICA, NATIONAL ASSOCIATION",20
1685,"BANK OF AMERICA, NATIONAL ASSOCIATION",69
1686,"BANK OF AMERICA, NATIONAL ASSOCIATION",2
1687,"BANK OF AMERICA, NATIONAL ASSOCIATION",15
1688,"BANK OF AMERICA, NATIONAL ASSOCIATION",38
1689,"BANK OF AMERICA, NATIONAL ASSOCIATION",0
1690,"BANK OF AMERICA, NATIONAL ASSOCIATION",1
1691,"BANK OF AMERICA, NATIONAL ASSOCIATION",1
1692,"BANK OF AMERICA, NATIONAL ASSOCIATION",0
1693,"BANK OF AMERICA, NATIONAL ASSOCIATION",3
1694,"BANK OF AMERICA, NATIONAL ASSOCIATION",0
1695,"BANK OF AMERICA, NATIONAL ASSOCIATION",0
1696,"BANK OF AMERICA, NATIONAL ASSOCIATION",2
1697,"BANK OF AMERICA, NATIONAL ASSOCIATION",0
1698,"BANK OF AMERICA, NATIONAL ASSOCIATION",1
1699,"BANK OF AMERICA, NATIONAL ASSOCIATION",0
1700,"BANK OF AMERICA, NATIONAL ASSOCIATION",0
1701,Ocwen Financial Corporation,258
1702,Ocwen Financial Corporation,1096
1703,Ocwen Financial Corporation,343
1704,Ocwen Financial Corporation,54
1705,Ocwen Financial Corporation,497
1706,Ocwen Financial Corporation,155
1707,Ocwen Financial Corporation,6
1708,Ocwen Financial Corporation,177
1709,Ocwen Financial Corporation,224
1710,Ocwen Financial Corporation,19
1711,Ocwen Financial Corporation,59
1712,Ocwen Financial Corporation,245
1713,Ocwen Financial Corporation,227
1714,Ocwen Financial Corporation,272
1715,Ocwen Financial Corporation,581
1716,Ocwen Financial Corporation,28
1717,Ocwen Financial Corporation,105
1718,Ocwen Financial Corporation,131
1719,Ocwen Financial Corporation,149
1720,Ocwen Financial Corporation,3
1721,Ocwen Financial Corporation,5
1722,Ocwen Financial Corporation,5
1723,Ocwen Financial Corporation,129
1724,Ocwen Financial Corporation,22
1725,Ocwen Financial Corporation,44
1726,Ocwen Financial Corporation,22
1727,Ocwen Financial Corporation,101
1728,Ocwen Financial Corporation,22
1729,Ocwen Financial Corporation,33
1730,Ocwen Financial Corporation,129
1731,Ocwen Financial Corporation,30
1732,Ocwen Financial Corporation,41
1733,Ocwen Financial Corporation,182
1734,Ocwen Financial Corporation,57
1735,Ocwen Financial Corporation,80
1736,Ocwen Financial Corporation,44
1737,Ocwen Financial Corporation,293
1738,Ocwen Financial Corporation,21
1739,Ocwen Financial Corporation,1
1740,Ocwen Financial Corporation,31
1741,Ocwen Financial Corporation,26
1742,Ocwen Financial Corporation,37
1743,Ocwen Financial Corporation,74
1744,Ocwen Financial Corporation,91
1745,Ocwen Financial Corporation,17
1746,Ocwen Financial Corporation,3
1747,Ocwen Financial Corporation,25
1748,Ocwen Financial Corporation,115
1749,Ocwen Financial Corporation,6
1750,Ocwen Financial Corporation,18
1751,Ocwen Financial Corporation,66
1752,Ocwen Financial Corporation,0
1753,Ocwen Financial Corporation,3
1754,Ocwen Financial Corporation,1
1755,Ocwen Financial Corporation,1
1756,Ocwen Financial Corporation,0
1757,Ocwen Financial Corporation,0
1758,Ocwen Financial Corporation,1
1759,Ocwen Financial Corporation,0
1760,Ocwen Financial Corporation,0
1761,Ocwen Financial Corporation,0
1762,Ocwen Financial Corporation,0
1763,Ocwen Financial Corporation,0
1764,NATIONSTAR MORTGAGE,237
1765,NATIONSTAR MORTGAGE,1290
1766,NATIONSTAR MORTGAGE,296
1767,NATIONSTAR MORTGAGE,52
1768,NATIONSTAR MORTGAGE,506
1769,NATIONSTAR MORTGAGE,145
1770,NATIONSTAR MORTGAGE,16
1771,NATIONSTAR MORTGAGE,132
1772,NATIONSTAR MORTGAGE,226
1773,NATIONSTAR MORTGAGE,22
1774,NATIONSTAR MORTGAGE,63
1775,NATIONSTAR MORTGAGE,195
1776,NATIONSTAR MORTGAGE,285
1777,NATIONSTAR MORTGAGE,302
1778,NATIONSTAR MORTGAGE,682
1779,NATIONSTAR MORTGAGE,29
1780,NATIONSTAR MORTGAGE,83
1781,NATIONSTAR MORTGAGE,126
1782,NATIONSTAR MORTGAGE,143
1783,NATIONSTAR MORTGAGE,4
1784,NATIONSTAR MORTGAGE,5
1785,NATIONSTAR MORTGAGE,2
1786,NATIONSTAR MORTGAGE,192
1787,NATIONSTAR MORTGAGE,18
1788,NATIONSTAR MORTGAGE,23
1789,NATIONSTAR MORTGAGE,27
1790,NATIONSTAR MORTGAGE,79
1791,NATIONSTAR MORTGAGE,16
1792,NATIONSTAR MORTGAGE,51
1793,NATIONSTAR MORTGAGE,164
1794,NATIONSTAR MORTGAGE,22
1795,NATIONSTAR MORTGAGE,32
1796,NATIONSTAR MORTGAGE,148
1797,NATIONSTAR MORTGAGE,67
1798,NATIONSTAR MORTGAGE,85
1799,NATIONSTAR MORTGAGE,65
1800,NATIONSTAR MORTGAGE,258
1801,NATIONSTAR MORTGAGE,36
1802,NATIONSTAR MORTGAGE,7
1803,NATIONSTAR MORTGAGE,40
1804,NATIONSTAR MORTGAGE,20
1805,NATIONSTAR MORTGAGE,57
1806,NATIONSTAR MORTGAGE,64
1807,NATIONSTAR MORTGAGE,87
1808,NATIONSTAR MORTGAGE,26
1809,NATIONSTAR MORTGAGE,0
1810,NATIONSTAR MORTGAGE,39
1811,NATIONSTAR MORTGAGE,106
1812,NATIONSTAR MORTGAGE,3
1813,NATIONSTAR MORTGAGE,13
1814,NATIONSTAR MORTGAGE,95
1815,NATIONSTAR MORTGAGE,0
1816,NATIONSTAR MORTGAGE,28
1817,NATIONSTAR MORTGAGE,3
1818,NATIONSTAR MORTGAGE,0
1819,NATIONSTAR MORTGAGE,2
1820,NATIONSTAR MORTGAGE,2
1821,NATIONSTAR MORTGAGE,0
1822,NATIONSTAR MORTGAGE,0
1823,NATIONSTAR MORTGAGE,0
1824,NATIONSTAR MORTGAGE,0
1825,NATIONSTAR MORTGAGE,0
1826,NATIONSTAR MORTGAGE,0
1827,WELLS FARGO & COMPANY,396
1828,WELLS FARGO & COMPANY,1314
1829,WELLS FARGO & COMPANY,496
1830,WELLS FARGO & COMPANY,63
1831,WELLS FARGO & COMPANY,580
1832,WELLS FARGO & COMPANY,135
1833,WELLS FARGO & COMPANY,15
1834,WELLS FARGO & COMPANY,149
1835,WELLS FARGO & COMPANY,307
1836,WELLS FARGO & COMPANY,44
1837,WELLS FARGO & COMPANY,63
1838,WELLS FARGO & COMPANY,317
1839,WELLS FARGO & COMPANY,265
1840,WELLS FARGO & COMPANY,346
1841,WELLS FARGO & COMPANY,685
1842,WELLS FARGO & COMPANY,53
1843,WELLS FARGO & COMPANY,95
1844,WELLS FARGO & COMPANY,88
1845,WELLS FARGO & COMPANY,145
1846,WELLS FARGO & COMPANY,25
1847,WELLS FARGO & COMPANY,1
1848,WELLS FARGO & COMPANY,12
1849,WELLS FARGO & COMPANY,263
1850,WELLS FARGO & COMPANY,26
1851,WELLS FARGO & COMPANY,29
1852,WELLS FARGO & COMPANY,36
1853,WELLS FARGO & COMPANY,96
1854,WELLS FARGO & COMPANY,25
1855,WELLS FARGO & COMPANY,57
1856,WELLS FARGO & COMPANY,135
1857,WELLS FARGO & COMPANY,39
1858,WELLS FARGO & COMPANY,48
1859,WELLS FARGO & COMPANY,177
1860,WELLS FARGO & COMPANY,50
1861,WELLS FARGO & COMPANY,99
1862,WELLS FARGO & COMPANY,100
1863,WELLS FARGO & COMPANY,468
1864,WELLS FARGO & COMPANY,32
1865,WELLS FARGO & COMPANY,10
1866,WELLS FARGO & COMPANY,38
1867,WELLS FARGO & COMPANY,26
1868,WELLS FARGO & COMPANY,36
1869,WELLS FARGO & COMPANY,68
1870,WELLS FARGO & COMPANY,112
1871,WELLS FARGO & COMPANY,19
1872,WELLS FARGO & COMPANY,5
1873,WELLS FARGO & COMPANY,16
1874,WELLS FARGO & COMPANY,87
1875,WELLS FARGO & COMPANY,3
1876,WELLS FARGO & COMPANY,24
1877,WELLS FARGO & COMPANY,116
1878,WELLS FARGO & COMPANY,0
1879,WELLS FARGO & COMPANY,10
1880,WELLS FARGO & COMPANY,1
1881,WELLS FARGO & COMPANY,0
1882,WELLS FARGO & COMPANY,3
1883,WELLS FARGO & COMPANY,1
1884,WELLS FARGO & COMPANY,2
1885,WELLS FARGO & COMPANY,0
1886,WELLS FARGO & COMPANY,0
1887,WELLS FARGO & COMPANY,0
1888,WELLS FARGO & COMPANY,0
1889,WELLS FARGO & COMPANY,1
