Company,Product,Total Complaints
HSBC NORTH AMERICA HOLDINGS INC.,Checking or savings account,1273
HSBC NORTH AMERICA HOLDINGS INC.,Checking or savings account,2
HSBC NORTH AMERICA HOLDINGS INC.,Credit card or prepaid card,781
HSBC NORTH AMERICA HOLDINGS INC.,Credit card or prepaid card,1
HSBC NORTH AMERICA HOLDINGS INC.,"Credit reporting, credit repair services, or other personal consumer reports",201
HSBC NORTH AMERICA HOLDINGS INC.,"Credit reporting, credit repair services, or other personal consumer reports",0
HSBC NORTH AMERICA HOLDINGS INC.,Debt collection,1604
HSBC NORTH AMERICA HOLDINGS INC.,Debt collection,5
HSBC NORTH AMERICA HOLDINGS INC.,"Money transfer, virtual currency, or money service",164
HSBC NORTH AMERICA HOLDINGS INC.,"Money transfer, virtual currency, or money service",0
HSBC NORTH AMERICA HOLDINGS INC.,Student loan,8
HSBC NORTH AMERICA HOLDINGS INC.,Student loan,0
HSBC NORTH AMERICA HOLDINGS INC.,Vehicle loan or lease,36
HSBC NORTH AMERICA HOLDINGS INC.,Vehicle loan or lease,0
HSBC NORTH AMERICA HOLDINGS INC.,Mortgage,4603
HSBC NORTH AMERICA HOLDINGS INC.,Mortgage,122
HSBC NORTH AMERICA HOLDINGS INC.,"Payday loan, title loan, or personal loan",44
HSBC NORTH AMERICA HOLDINGS INC.,"Payday loan, title loan, or personal loan",0
HSBC NORTH AMERICA HOLDINGS INC.,Bank account or service,1002
HSBC NORTH AMERICA HOLDINGS INC.,Bank account or service,16
HSBC NORTH AMERICA HOLDINGS INC.,Credit card,658
HSBC NORTH AMERICA HOLDINGS INC.,Credit card,9
HSBC NORTH AMERICA HOLDINGS INC.,Credit reporting,46
HSBC NORTH AMERICA HOLDINGS INC.,Credit reporting,2
HSBC NORTH AMERICA HOLDINGS INC.,Consumer Loan,189
HSBC NORTH AMERICA HOLDINGS INC.,Consumer Loan,1
HSBC NORTH AMERICA HOLDINGS INC.,Prepaid card,3
HSBC NORTH AMERICA HOLDINGS INC.,Prepaid card,0
HSBC NORTH AMERICA HOLDINGS INC.,Money transfers,33
HSBC NORTH AMERICA HOLDINGS INC.,Money transfers,0
HSBC NORTH AMERICA HOLDINGS INC.,Other financial service,4
HSBC NORTH AMERICA HOLDINGS INC.,Other financial service,0
HSBC NORTH AMERICA HOLDINGS INC.,Payday loan,2
HSBC NORTH AMERICA HOLDINGS INC.,Payday loan,0
Resurgent Capital Services L.P.,Checking or savings account,4
Resurgent Capital Services L.P.,Checking or savings account,0
Resurgent Capital Services L.P.,Credit card or prepaid card,106
Resurgent Capital Services L.P.,Credit card or prepaid card,0
Resurgent Capital Services L.P.,"Credit reporting, credit repair services, or other personal consumer reports",2012
Resurgent Capital Services L.P.,"Credit reporting, credit repair services, or other personal consumer reports",0
Resurgent Capital Services L.P.,Debt collection,8443
Resurgent Capital Services L.P.,Debt collection,13
Resurgent Capital Services L.P.,"Money transfer, virtual currency, or money service",0
Resurgent Capital Services L.P.,"Money transfer, virtual currency, or money service",0
Resurgent Capital Services L.P.,Student loan,4
Resurgent Capital Services L.P.,Student loan,0
Resurgent Capital Services L.P.,Vehicle loan or lease,3
Resurgent Capital Services L.P.,Vehicle loan or lease,0
Resurgent Capital Services L.P.,Mortgage,144
Resurgent Capital Services L.P.,Mortgage,0
Resurgent Capital Services L.P.,"Payday loan, title loan, or personal loan",18
Resurgent Capital Services L.P.,"Payday loan, title loan, or personal loan",0
Resurgent Capital Services L.P.,Bank account or service,13
Resurgent Capital Services L.P.,Bank account or service,0
Resurgent Capital Services L.P.,Credit card,70
Resurgent Capital Services L.P.,Credit card,0
Resurgent Capital Services L.P.,Credit reporting,57
Resurgent Capital Services L.P.,Credit reporting,0
Resurgent Capital Services L.P.,Consumer Loan,30
Resurgent Capital Services L.P.,Consumer Loan,0
Resurgent Capital Services L.P.,Prepaid card,0
Resurgent Capital Services L.P.,Prepaid card,0
Resurgent Capital Services L.P.,Money transfers,0
Resurgent Capital Services L.P.,Money transfers,0
Resurgent Capital Services L.P.,Other financial service,0
Resurgent Capital Services L.P.,Other financial service,0
Resurgent Capital Services L.P.,Payday loan,1
Resurgent Capital Services L.P.,Payday loan,0
ERC,Checking or savings account,1
ERC,Checking or savings account,0
ERC,Credit card or prepaid card,1
ERC,Credit card or prepaid card,0
ERC,"Credit reporting, credit repair services, or other personal consumer reports",1385
ERC,"Credit reporting, credit repair services, or other personal consumer reports",2
ERC,Debt collection,9587
ERC,Debt collection,29
ERC,"Money transfer, virtual currency, or money service",1
ERC,"Money transfer, virtual currency, or money service",0
ERC,Student loan,4
ERC,Student loan,0
ERC,Vehicle loan or lease,0
ERC,Vehicle loan or lease,0
ERC,Mortgage,1
ERC,Mortgage,0
ERC,"Payday loan, title loan, or personal loan",2
ERC,"Payday loan, title loan, or personal loan",0
ERC,Bank account or service,5
ERC,Bank account or service,0
ERC,Credit card,5
ERC,Credit card,0
ERC,Credit reporting,60
ERC,Credit reporting,0
ERC,Consumer Loan,11
ERC,Consumer Loan,0
ERC,Prepaid card,1
ERC,Prepaid card,0
ERC,Money transfers,0
ERC,Money transfers,0
ERC,Other financial service,1
ERC,Other financial service,0
ERC,Payday loan,2
ERC,Payday loan,0
ALLY FINANCIAL INC.,Checking or savings account,1371
ALLY FINANCIAL INC.,Checking or savings account,0
ALLY FINANCIAL INC.,Credit card or prepaid card,43
ALLY FINANCIAL INC.,Credit card or prepaid card,0
ALLY FINANCIAL INC.,"Credit reporting, credit repair services, or other personal consumer reports",2767
ALLY FINANCIAL INC.,"Credit reporting, credit repair services, or other personal consumer reports",0
ALLY FINANCIAL INC.,Debt collection,974
ALLY FINANCIAL INC.,Debt collection,1
ALLY FINANCIAL INC.,"Money transfer, virtual currency, or money service",106
ALLY FINANCIAL INC.,"Money transfer, virtual currency, or money service",0
ALLY FINANCIAL INC.,Student loan,5
ALLY FINANCIAL INC.,Student loan,0
ALLY FINANCIAL INC.,Vehicle loan or lease,2555
ALLY FINANCIAL INC.,Vehicle loan or lease,0
ALLY FINANCIAL INC.,Mortgage,249
ALLY FINANCIAL INC.,Mortgage,0
ALLY FINANCIAL INC.,"Payday loan, title loan, or personal loan",108
ALLY FINANCIAL INC.,"Payday loan, title loan, or personal loan",0
ALLY FINANCIAL INC.,Bank account or service,777
ALLY FINANCIAL INC.,Bank account or service,0
ALLY FINANCIAL INC.,Credit card,18
ALLY FINANCIAL INC.,Credit card,0
ALLY FINANCIAL INC.,Credit reporting,37
ALLY FINANCIAL INC.,Credit reporting,0
ALLY FINANCIAL INC.,Consumer Loan,2094
ALLY FINANCIAL INC.,Consumer Loan,0
ALLY FINANCIAL INC.,Prepaid card,0
ALLY FINANCIAL INC.,Prepaid card,0
ALLY FINANCIAL INC.,Money transfers,7
ALLY FINANCIAL INC.,Money transfers,0
ALLY FINANCIAL INC.,Other financial service,3
ALLY FINANCIAL INC.,Other financial service,0
ALLY FINANCIAL INC.,Payday loan,0
ALLY FINANCIAL INC.,Payday loan,0
Santander Consumer USA Holdings Inc.,Checking or savings account,25
Santander Consumer USA Holdings Inc.,Checking or savings account,0
Santander Consumer USA Holdings Inc.,Credit card or prepaid card,62
Santander Consumer USA Holdings Inc.,Credit card or prepaid card,0
Santander Consumer USA Holdings Inc.,"Credit reporting, credit repair services, or other personal consumer reports",3262
Santander Consumer USA Holdings Inc.,"Credit reporting, credit repair services, or other personal consumer reports",0
Santander Consumer USA Holdings Inc.,Debt collection,1632
Santander Consumer USA Holdings Inc.,Debt collection,2
Santander Consumer USA Holdings Inc.,"Money transfer, virtual currency, or money service",9
Santander Consumer USA Holdings Inc.,"Money transfer, virtual currency, or money service",0
Santander Consumer USA Holdings Inc.,Student loan,0
Santander Consumer USA Holdings Inc.,Student loan,0
Santander Consumer USA Holdings Inc.,Vehicle loan or lease,4008
Santander Consumer USA Holdings Inc.,Vehicle loan or lease,2
Santander Consumer USA Holdings Inc.,Mortgage,31
Santander Consumer USA Holdings Inc.,Mortgage,0
Santander Consumer USA Holdings Inc.,"Payday loan, title loan, or personal loan",114
Santander Consumer USA Holdings Inc.,"Payday loan, title loan, or personal loan",0
Santander Consumer USA Holdings Inc.,Bank account or service,54
Santander Consumer USA Holdings Inc.,Bank account or service,0
Santander Consumer USA Holdings Inc.,Credit card,11
Santander Consumer USA Holdings Inc.,Credit card,0
Santander Consumer USA Holdings Inc.,Credit reporting,37
Santander Consumer USA Holdings Inc.,Credit reporting,0
Santander Consumer USA Holdings Inc.,Consumer Loan,2535
Santander Consumer USA Holdings Inc.,Consumer Loan,2
Santander Consumer USA Holdings Inc.,Prepaid card,0
Santander Consumer USA Holdings Inc.,Prepaid card,0
Santander Consumer USA Holdings Inc.,Money transfers,1
Santander Consumer USA Holdings Inc.,Money transfers,0
Santander Consumer USA Holdings Inc.,Other financial service,0
Santander Consumer USA Holdings Inc.,Other financial service,0
Santander Consumer USA Holdings Inc.,Payday loan,1
Santander Consumer USA Holdings Inc.,Payday loan,0
"SELECT PORTFOLIO SERVICING, INC.",Checking or savings account,7
"SELECT PORTFOLIO SERVICING, INC.",Checking or savings account,0
"SELECT PORTFOLIO SERVICING, INC.",Credit card or prepaid card,3
"SELECT PORTFOLIO SERVICING, INC.",Credit card or prepaid card,0
"SELECT PORTFOLIO SERVICING, INC.","Credit reporting, credit repair services, or other personal consumer reports",247
"SELECT PORTFOLIO SERVICING, INC.","Credit reporting, credit repair services, or other personal consumer reports",1
"SELECT PORTFOLIO SERVICING, INC.",Debt collection,646
"SELECT PORTFOLIO SERVICING, INC.",Debt collection,9
"SELECT PORTFOLIO SERVICING, INC.","Money transfer, virtual currency, or money service",5
"SELECT PORTFOLIO SERVICING, INC.","Money transfer, virtual currency, or money service",0
"SELECT PORTFOLIO SERVICING, INC.",Student loan,1
"SELECT PORTFOLIO SERVICING, INC.",Student loan,0
"SELECT PORTFOLIO SERVICING, INC.",Vehicle loan or lease,2
"SELECT PORTFOLIO SERVICING, INC.",Vehicle loan or lease,0
"SELECT PORTFOLIO SERVICING, INC.",Mortgage,10990
"SELECT PORTFOLIO SERVICING, INC.",Mortgage,58
"SELECT PORTFOLIO SERVICING, INC.","Payday loan, title loan, or personal loan",3
"SELECT PORTFOLIO SERVICING, INC.","Payday loan, title loan, or personal loan",0
"SELECT PORTFOLIO SERVICING, INC.",Bank account or service,10
"SELECT PORTFOLIO SERVICING, INC.",Bank account or service,0
"SELECT PORTFOLIO SERVICING, INC.",Credit card,0
"SELECT PORTFOLIO SERVICING, INC.",Credit card,0
"SELECT PORTFOLIO SERVICING, INC.",Credit reporting,5
"SELECT PORTFOLIO SERVICING, INC.",Credit reporting,0
"SELECT PORTFOLIO SERVICING, INC.",Consumer Loan,5
"SELECT PORTFOLIO SERVICING, INC.",Consumer Loan,0
"SELECT PORTFOLIO SERVICING, INC.",Prepaid card,0
"SELECT PORTFOLIO SERVICING, INC.",Prepaid card,0
"SELECT PORTFOLIO SERVICING, INC.",Money transfers,0
"SELECT PORTFOLIO SERVICING, INC.",Money transfers,0
"SELECT PORTFOLIO SERVICING, INC.",Other financial service,0
"SELECT PORTFOLIO SERVICING, INC.",Other financial service,0
"SELECT PORTFOLIO SERVICING, INC.",Payday loan,0
"SELECT PORTFOLIO SERVICING, INC.",Payday loan,0
BARCLAYS BANK DELAWARE,Checking or savings account,141
BARCLAYS BANK DELAWARE,Checking or savings account,0
BARCLAYS BANK DELAWARE,Credit card or prepaid card,5232
BARCLAYS BANK DELAWARE,Credit card or prepaid card,1
BARCLAYS BANK DELAWARE,"Credit reporting, credit repair services, or other personal consumer reports",1812
BARCLAYS BANK DELAWARE,"Credit reporting, credit repair services, or other personal consumer reports",0
BARCLAYS BANK DELAWARE,Debt collection,1115
BARCLAYS BANK DELAWARE,Debt collection,0
BARCLAYS BANK DELAWARE,"Money transfer, virtual currency, or money service",28
BARCLAYS BANK DELAWARE,"Money transfer, virtual currency, or money service",0
BARCLAYS BANK DELAWARE,Student loan,1
BARCLAYS BANK DELAWARE,Student loan,0
BARCLAYS BANK DELAWARE,Vehicle loan or lease,1
BARCLAYS BANK DELAWARE,Vehicle loan or lease,0
BARCLAYS BANK DELAWARE,Mortgage,25
BARCLAYS BANK DELAWARE,Mortgage,0
BARCLAYS BANK DELAWARE,"Payday loan, title loan, or personal loan",58
BARCLAYS BANK DELAWARE,"Payday loan, title loan, or personal loan",0
BARCLAYS BANK DELAWARE,Bank account or service,129
BARCLAYS BANK DELAWARE,Bank account or service,0
BARCLAYS BANK DELAWARE,Credit card,3510
BARCLAYS BANK DELAWARE,Credit card,4
BARCLAYS BANK DELAWARE,Credit reporting,76
BARCLAYS BANK DELAWARE,Credit reporting,0
BARCLAYS BANK DELAWARE,Consumer Loan,20
BARCLAYS BANK DELAWARE,Consumer Loan,0
BARCLAYS BANK DELAWARE,Prepaid card,1
BARCLAYS BANK DELAWARE,Prepaid card,0
BARCLAYS BANK DELAWARE,Money transfers,4
BARCLAYS BANK DELAWARE,Money transfers,0
BARCLAYS BANK DELAWARE,Other financial service,2
BARCLAYS BANK DELAWARE,Other financial service,0
BARCLAYS BANK DELAWARE,Payday loan,0
BARCLAYS BANK DELAWARE,Payday loan,0
AES/PHEAA,Checking or savings account,4
AES/PHEAA,Checking or savings account,0
AES/PHEAA,Credit card or prepaid card,25
AES/PHEAA,Credit card or prepaid card,0
AES/PHEAA,"Credit reporting, credit repair services, or other personal consumer reports",1900
AES/PHEAA,"Credit reporting, credit repair services, or other personal consumer reports",0
AES/PHEAA,Debt collection,856
AES/PHEAA,Debt collection,0
AES/PHEAA,"Money transfer, virtual currency, or money service",5
AES/PHEAA,"Money transfer, virtual currency, or money service",0
AES/PHEAA,Student loan,11383
AES/PHEAA,Student loan,8
AES/PHEAA,Vehicle loan or lease,0
AES/PHEAA,Vehicle loan or lease,0
AES/PHEAA,Mortgage,1
AES/PHEAA,Mortgage,0
AES/PHEAA,"Payday loan, title loan, or personal loan",10
AES/PHEAA,"Payday loan, title loan, or personal loan",0
AES/PHEAA,Bank account or service,5
AES/PHEAA,Bank account or service,0
AES/PHEAA,Credit card,1
AES/PHEAA,Credit card,0
AES/PHEAA,Credit reporting,17
AES/PHEAA,Credit reporting,0
AES/PHEAA,Consumer Loan,5
AES/PHEAA,Consumer Loan,0
AES/PHEAA,Prepaid card,0
AES/PHEAA,Prepaid card,0
AES/PHEAA,Money transfers,0
AES/PHEAA,Money transfers,0
AES/PHEAA,Other financial service,2
AES/PHEAA,Other financial service,0
AES/PHEAA,Payday loan,0
AES/PHEAA,Payday loan,0
Ditech Financial LLC,Checking or savings account,4
Ditech Financial LLC,Checking or savings account,0
Ditech Financial LLC,Credit card or prepaid card,1
Ditech Financial LLC,Credit card or prepaid card,0
Ditech Financial LLC,"Credit reporting, credit repair services, or other personal consumer reports",212
Ditech Financial LLC,"Credit reporting, credit repair services, or other personal consumer reports",1
Ditech Financial LLC,Debt collection,907
Ditech Financial LLC,Debt collection,2
Ditech Financial LLC,"Money transfer, virtual currency, or money service",3
Ditech Financial LLC,"Money transfer, virtual currency, or money service",0
Ditech Financial LLC,Student loan,0
Ditech Financial LLC,Student loan,0
Ditech Financial LLC,Vehicle loan or lease,5
Ditech Financial LLC,Vehicle loan or lease,0
Ditech Financial LLC,Mortgage,13590
Ditech Financial LLC,Mortgage,39
Ditech Financial LLC,"Payday loan, title loan, or personal loan",23
Ditech Financial LLC,"Payday loan, title loan, or personal loan",0
Ditech Financial LLC,Bank account or service,33
Ditech Financial LLC,Bank account or service,0
Ditech Financial LLC,Credit card,0
Ditech Financial LLC,Credit card,0
Ditech Financial LLC,Credit reporting,28
Ditech Financial LLC,Credit reporting,0
Ditech Financial LLC,Consumer Loan,98
Ditech Financial LLC,Consumer Loan,0
Ditech Financial LLC,Prepaid card,0
Ditech Financial LLC,Prepaid card,0
Ditech Financial LLC,Money transfers,0
Ditech Financial LLC,Money transfers,0
Ditech Financial LLC,Other financial service,6
Ditech Financial LLC,Other financial service,0
Ditech Financial LLC,Payday loan,1
Ditech Financial LLC,Payday loan,0
"Paypal Holdings, Inc",Checking or savings account,811
"Paypal Holdings, Inc",Checking or savings account,1
"Paypal Holdings, Inc",Credit card or prepaid card,664
"Paypal Holdings, Inc",Credit card or prepaid card,3
"Paypal Holdings, Inc","Credit reporting, credit repair services, or other personal consumer reports",98
"Paypal Holdings, Inc","Credit reporting, credit repair services, or other personal consumer reports",1
"Paypal Holdings, Inc",Debt collection,899
"Paypal Holdings, Inc",Debt collection,4
"Paypal Holdings, Inc","Money transfer, virtual currency, or money service",10018
"Paypal Holdings, Inc","Money transfer, virtual currency, or money service",7
"Paypal Holdings, Inc",Student loan,0
"Paypal Holdings, Inc",Student loan,0
"Paypal Holdings, Inc",Vehicle loan or lease,0
"Paypal Holdings, Inc",Vehicle loan or lease,0
"Paypal Holdings, Inc",Mortgage,2
"Paypal Holdings, Inc",Mortgage,0
"Paypal Holdings, Inc","Payday loan, title loan, or personal loan",44
"Paypal Holdings, Inc","Payday loan, title loan, or personal loan",0
"Paypal Holdings, Inc",Bank account or service,799
"Paypal Holdings, Inc",Bank account or service,3
"Paypal Holdings, Inc",Credit card,670
"Paypal Holdings, Inc",Credit card,2
"Paypal Holdings, Inc",Credit reporting,3
"Paypal Holdings, Inc",Credit reporting,0
"Paypal Holdings, Inc",Consumer Loan,167
"Paypal Holdings, Inc",Consumer Loan,0
"Paypal Holdings, Inc",Prepaid card,353
"Paypal Holdings, Inc",Prepaid card,2
"Paypal Holdings, Inc",Money transfers,919
"Paypal Holdings, Inc",Money transfers,2
"Paypal Holdings, Inc",Other financial service,13
"Paypal Holdings, Inc",Other financial service,0
"Paypal Holdings, Inc",Payday loan,24
"Paypal Holdings, Inc",Payday loan,0
"Bread Financial Holdings, Inc.",Checking or savings account,278
"Bread Financial Holdings, Inc.",Checking or savings account,0
"Bread Financial Holdings, Inc.",Credit card or prepaid card,7082
"Bread Financial Holdings, Inc.",Credit card or prepaid card,2
"Bread Financial Holdings, Inc.","Credit reporting, credit repair services, or other personal consumer reports",4280
"Bread Financial Holdings, Inc.","Credit reporting, credit repair services, or other personal consumer reports",0
"Bread Financial Holdings, Inc.",Debt collection,3553
"Bread Financial Holdings, Inc.",Debt collection,1
"Bread Financial Holdings, Inc.","Money transfer, virtual currency, or money service",87
"Bread Financial Holdings, Inc.","Money transfer, virtual currency, or money service",0
"Bread Financial Holdings, Inc.",Student loan,3
"Bread Financial Holdings, Inc.",Student loan,0
"Bread Financial Holdings, Inc.",Vehicle loan or lease,1
"Bread Financial Holdings, Inc.",Vehicle loan or lease,0
"Bread Financial Holdings, Inc.",Mortgage,9
"Bread Financial Holdings, Inc.",Mortgage,0
"Bread Financial Holdings, Inc.","Payday loan, title loan, or personal loan",196
"Bread Financial Holdings, Inc.","Payday loan, title loan, or personal loan",0
"Bread Financial Holdings, Inc.",Bank account or service,32
"Bread Financial Holdings, Inc.",Bank account or service,0
"Bread Financial Holdings, Inc.",Credit card,403
"Bread Financial Holdings, Inc.",Credit card,0
"Bread Financial Holdings, Inc.",Credit reporting,37
"Bread Financial Holdings, Inc.",Credit reporting,0
"Bread Financial Holdings, Inc.",Consumer Loan,27
"Bread Financial Holdings, Inc.",Consumer Loan,0
"Bread Financial Holdings, Inc.",Prepaid card,6
"Bread Financial Holdings, Inc.",Prepaid card,0
"Bread Financial Holdings, Inc.",Money transfers,6
"Bread Financial Holdings, Inc.",Money transfers,0
"Bread Financial Holdings, Inc.",Other financial service,1
"Bread Financial Holdings, Inc.",Other financial service,0
"Bread Financial Holdings, Inc.",Payday loan,1
"Bread Financial Holdings, Inc.",Payday loan,0
TD BANK US HOLDING COMPANY,Checking or savings account,4315
TD BANK US HOLDING COMPANY,Checking or savings account,1
TD BANK US HOLDING COMPANY,Credit card or prepaid card,2610
TD BANK US HOLDING COMPANY,Credit card or prepaid card,0
TD BANK US HOLDING COMPANY,"Credit reporting, credit repair services, or other personal consumer reports",2470
TD BANK US HOLDING COMPANY,"Credit reporting, credit repair services, or other personal consumer reports",1
TD BANK US HOLDING COMPANY,Debt collection,1305
TD BANK US HOLDING COMPANY,Debt collection,0
TD BANK US HOLDING COMPANY,"Money transfer, virtual currency, or money service",385
TD BANK US HOLDING COMPANY,"Money transfer, virtual currency, or money service",0
TD BANK US HOLDING COMPANY,Student loan,1
TD BANK US HOLDING COMPANY,Student loan,0
TD BANK US HOLDING COMPANY,Vehicle loan or lease,421
TD BANK US HOLDING COMPANY,Vehicle loan or lease,0
TD BANK US HOLDING COMPANY,Mortgage,1406
TD BANK US HOLDING COMPANY,Mortgage,0
TD BANK US HOLDING COMPANY,"Payday loan, title loan, or personal loan",189
TD BANK US HOLDING COMPANY,"Payday loan, title loan, or personal loan",0
TD BANK US HOLDING COMPANY,Bank account or service,3055
TD BANK US HOLDING COMPANY,Bank account or service,5
TD BANK US HOLDING COMPANY,Credit card,1301
TD BANK US HOLDING COMPANY,Credit card,2
TD BANK US HOLDING COMPANY,Credit reporting,41
TD BANK US HOLDING COMPANY,Credit reporting,0
TD BANK US HOLDING COMPANY,Consumer Loan,433
TD BANK US HOLDING COMPANY,Consumer Loan,0
TD BANK US HOLDING COMPANY,Prepaid card,13
TD BANK US HOLDING COMPANY,Prepaid card,0
TD BANK US HOLDING COMPANY,Money transfers,36
TD BANK US HOLDING COMPANY,Money transfers,0
TD BANK US HOLDING COMPANY,Other financial service,11
TD BANK US HOLDING COMPANY,Other financial service,0
TD BANK US HOLDING COMPANY,Payday loan,1
TD BANK US HOLDING COMPANY,Payday loan,0
ENCORE CAPITAL GROUP INC.,Checking or savings account,8
ENCORE CAPITAL GROUP INC.,Checking or savings account,0
ENCORE CAPITAL GROUP INC.,Credit card or prepaid card,172
ENCORE CAPITAL GROUP INC.,Credit card or prepaid card,0
ENCORE CAPITAL GROUP INC.,"Credit reporting, credit repair services, or other personal consumer reports",1820
ENCORE CAPITAL GROUP INC.,"Credit reporting, credit repair services, or other personal consumer reports",1
ENCORE CAPITAL GROUP INC.,Debt collection,16124
ENCORE CAPITAL GROUP INC.,Debt collection,24
ENCORE CAPITAL GROUP INC.,"Money transfer, virtual currency, or money service",3
ENCORE CAPITAL GROUP INC.,"Money transfer, virtual currency, or money service",0
ENCORE CAPITAL GROUP INC.,Student loan,2
ENCORE CAPITAL GROUP INC.,Student loan,0
ENCORE CAPITAL GROUP INC.,Vehicle loan or lease,4
ENCORE CAPITAL GROUP INC.,Vehicle loan or lease,0
ENCORE CAPITAL GROUP INC.,Mortgage,23
ENCORE CAPITAL GROUP INC.,Mortgage,0
ENCORE CAPITAL GROUP INC.,"Payday loan, title loan, or personal loan",6
ENCORE CAPITAL GROUP INC.,"Payday loan, title loan, or personal loan",0
ENCORE CAPITAL GROUP INC.,Bank account or service,18
ENCORE CAPITAL GROUP INC.,Bank account or service,0
ENCORE CAPITAL GROUP INC.,Credit card,178
ENCORE CAPITAL GROUP INC.,Credit card,0
ENCORE CAPITAL GROUP INC.,Credit reporting,107
ENCORE CAPITAL GROUP INC.,Credit reporting,0
ENCORE CAPITAL GROUP INC.,Consumer Loan,80
ENCORE CAPITAL GROUP INC.,Consumer Loan,0
ENCORE CAPITAL GROUP INC.,Prepaid card,2
ENCORE CAPITAL GROUP INC.,Prepaid card,0
ENCORE CAPITAL GROUP INC.,Money transfers,0
ENCORE CAPITAL GROUP INC.,Money transfers,0
ENCORE CAPITAL GROUP INC.,Other financial service,3
ENCORE CAPITAL GROUP INC.,Other financial service,0
ENCORE CAPITAL GROUP INC.,Payday loan,5
ENCORE CAPITAL GROUP INC.,Payday loan,0
DISCOVER BANK,Checking or savings account,645
DISCOVER BANK,Checking or savings account,0
DISCOVER BANK,Credit card or prepaid card,5930
DISCOVER BANK,Credit card or prepaid card,0
DISCOVER BANK,"Credit reporting, credit repair services, or other personal consumer reports",3537
DISCOVER BANK,"Credit reporting, credit repair services, or other personal consumer reports",0
DISCOVER BANK,Debt collection,2382
DISCOVER BANK,Debt collection,0
DISCOVER BANK,"Money transfer, virtual currency, or money service",89
DISCOVER BANK,"Money transfer, virtual currency, or money service",0
DISCOVER BANK,Student loan,1352
DISCOVER BANK,Student loan,0
DISCOVER BANK,Vehicle loan or lease,2
DISCOVER BANK,Vehicle loan or lease,0
DISCOVER BANK,Mortgage,156
DISCOVER BANK,Mortgage,0
DISCOVER BANK,"Payday loan, title loan, or personal loan",141
DISCOVER BANK,"Payday loan, title loan, or personal loan",0
DISCOVER BANK,Bank account or service,487
DISCOVER BANK,Bank account or service,0
DISCOVER BANK,Credit card,4249
DISCOVER BANK,Credit card,15
DISCOVER BANK,Credit reporting,69
DISCOVER BANK,Credit reporting,0
DISCOVER BANK,Consumer Loan,123
DISCOVER BANK,Consumer Loan,0
DISCOVER BANK,Prepaid card,2
DISCOVER BANK,Prepaid card,0
DISCOVER BANK,Money transfers,10
DISCOVER BANK,Money transfers,0
DISCOVER BANK,Other financial service,2
DISCOVER BANK,Other financial service,0
DISCOVER BANK,Payday loan,0
DISCOVER BANK,Payday loan,0
PNC Bank N.A.,Checking or savings account,5489
PNC Bank N.A.,Checking or savings account,0
PNC Bank N.A.,Credit card or prepaid card,759
PNC Bank N.A.,Credit card or prepaid card,0
PNC Bank N.A.,"Credit reporting, credit repair services, or other personal consumer reports",662
PNC Bank N.A.,"Credit reporting, credit repair services, or other personal consumer reports",1
PNC Bank N.A.,Debt collection,440
PNC Bank N.A.,Debt collection,0
PNC Bank N.A.,"Money transfer, virtual currency, or money service",1637
PNC Bank N.A.,"Money transfer, virtual currency, or money service",0
PNC Bank N.A.,Student loan,103
PNC Bank N.A.,Student loan,1
PNC Bank N.A.,Vehicle loan or lease,351
PNC Bank N.A.,Vehicle loan or lease,0
PNC Bank N.A.,Mortgage,5900
PNC Bank N.A.,Mortgage,71
PNC Bank N.A.,"Payday loan, title loan, or personal loan",325
PNC Bank N.A.,"Payday loan, title loan, or personal loan",0
PNC Bank N.A.,Bank account or service,3461
PNC Bank N.A.,Bank account or service,29
PNC Bank N.A.,Credit card,487
PNC Bank N.A.,Credit card,7
PNC Bank N.A.,Credit reporting,29
PNC Bank N.A.,Credit reporting,0
PNC Bank N.A.,Consumer Loan,334
PNC Bank N.A.,Consumer Loan,1
PNC Bank N.A.,Prepaid card,13
PNC Bank N.A.,Prepaid card,0
PNC Bank N.A.,Money transfers,39
PNC Bank N.A.,Money transfers,0
PNC Bank N.A.,Other financial service,12
PNC Bank N.A.,Other financial service,0
PNC Bank N.A.,Payday loan,4
PNC Bank N.A.,Payday loan,0
PORTFOLIO RECOVERY ASSOCIATES INC,Checking or savings account,1
PORTFOLIO RECOVERY ASSOCIATES INC,Checking or savings account,0
PORTFOLIO RECOVERY ASSOCIATES INC,Credit card or prepaid card,127
PORTFOLIO RECOVERY ASSOCIATES INC,Credit card or prepaid card,0
PORTFOLIO RECOVERY ASSOCIATES INC,"Credit reporting, credit repair services, or other personal consumer reports",3047
PORTFOLIO RECOVERY ASSOCIATES INC,"Credit reporting, credit repair services, or other personal consumer reports",0
PORTFOLIO RECOVERY ASSOCIATES INC,Debt collection,17288
PORTFOLIO RECOVERY ASSOCIATES INC,Debt collection,3
PORTFOLIO RECOVERY ASSOCIATES INC,"Money transfer, virtual currency, or money service",3
PORTFOLIO RECOVERY ASSOCIATES INC,"Money transfer, virtual currency, or money service",0
PORTFOLIO RECOVERY ASSOCIATES INC,Student loan,2
PORTFOLIO RECOVERY ASSOCIATES INC,Student loan,0
PORTFOLIO RECOVERY ASSOCIATES INC,Vehicle loan or lease,8
PORTFOLIO RECOVERY ASSOCIATES INC,Vehicle loan or lease,0
PORTFOLIO RECOVERY ASSOCIATES INC,Mortgage,11
PORTFOLIO RECOVERY ASSOCIATES INC,Mortgage,0
PORTFOLIO RECOVERY ASSOCIATES INC,"Payday loan, title loan, or personal loan",2
PORTFOLIO RECOVERY ASSOCIATES INC,"Payday loan, title loan, or personal loan",0
PORTFOLIO RECOVERY ASSOCIATES INC,Bank account or service,9
PORTFOLIO RECOVERY ASSOCIATES INC,Bank account or service,0
PORTFOLIO RECOVERY ASSOCIATES INC,Credit card,103
PORTFOLIO RECOVERY ASSOCIATES INC,Credit card,0
PORTFOLIO RECOVERY ASSOCIATES INC,Credit reporting,80
PORTFOLIO RECOVERY ASSOCIATES INC,Credit reporting,0
PORTFOLIO RECOVERY ASSOCIATES INC,Consumer Loan,47
PORTFOLIO RECOVERY ASSOCIATES INC,Consumer Loan,0
PORTFOLIO RECOVERY ASSOCIATES INC,Prepaid card,1
PORTFOLIO RECOVERY ASSOCIATES INC,Prepaid card,0
PORTFOLIO RECOVERY ASSOCIATES INC,Money transfers,0
PORTFOLIO RECOVERY ASSOCIATES INC,Money transfers,0
PORTFOLIO RECOVERY ASSOCIATES INC,Other financial service,0
PORTFOLIO RECOVERY ASSOCIATES INC,Other financial service,0
PORTFOLIO RECOVERY ASSOCIATES INC,Payday loan,4
PORTFOLIO RECOVERY ASSOCIATES INC,Payday loan,0
AMERICAN EXPRESS COMPANY,Checking or savings account,661
AMERICAN EXPRESS COMPANY,Checking or savings account,0
AMERICAN EXPRESS COMPANY,Credit card or prepaid card,10274
AMERICAN EXPRESS COMPANY,Credit card or prepaid card,1
AMERICAN EXPRESS COMPANY,"Credit reporting, credit repair services, or other personal consumer reports",2520
AMERICAN EXPRESS COMPANY,"Credit reporting, credit repair services, or other personal consumer reports",0
AMERICAN EXPRESS COMPANY,Debt collection,2022
AMERICAN EXPRESS COMPANY,Debt collection,2
AMERICAN EXPRESS COMPANY,"Money transfer, virtual currency, or money service",112
AMERICAN EXPRESS COMPANY,"Money transfer, virtual currency, or money service",0
AMERICAN EXPRESS COMPANY,Student loan,1
AMERICAN EXPRESS COMPANY,Student loan,0
AMERICAN EXPRESS COMPANY,Vehicle loan or lease,2
AMERICAN EXPRESS COMPANY,Vehicle loan or lease,0
AMERICAN EXPRESS COMPANY,Mortgage,11
AMERICAN EXPRESS COMPANY,Mortgage,0
AMERICAN EXPRESS COMPANY,"Payday loan, title loan, or personal loan",56
AMERICAN EXPRESS COMPANY,"Payday loan, title loan, or personal loan",0
AMERICAN EXPRESS COMPANY,Bank account or service,447
AMERICAN EXPRESS COMPANY,Bank account or service,0
AMERICAN EXPRESS COMPANY,Credit card,6668
AMERICAN EXPRESS COMPANY,Credit card,1
AMERICAN EXPRESS COMPANY,Credit reporting,54
AMERICAN EXPRESS COMPANY,Credit reporting,0
AMERICAN EXPRESS COMPANY,Consumer Loan,17
AMERICAN EXPRESS COMPANY,Consumer Loan,0
AMERICAN EXPRESS COMPANY,Prepaid card,638
AMERICAN EXPRESS COMPANY,Prepaid card,0
AMERICAN EXPRESS COMPANY,Money transfers,11
AMERICAN EXPRESS COMPANY,Money transfers,0
AMERICAN EXPRESS COMPANY,Other financial service,21
AMERICAN EXPRESS COMPANY,Other financial service,0
AMERICAN EXPRESS COMPANY,Payday loan,0
AMERICAN EXPRESS COMPANY,Payday loan,0
NATIONSTAR MORTGAGE,Checking or savings account,10
NATIONSTAR MORTGAGE,Checking or savings account,0
NATIONSTAR MORTGAGE,Credit card or prepaid card,7
NATIONSTAR MORTGAGE,Credit card or prepaid card,0
NATIONSTAR MORTGAGE,"Credit reporting, credit repair services, or other personal consumer reports",744
NATIONSTAR MORTGAGE,"Credit reporting, credit repair services, or other personal consumer reports",1
NATIONSTAR MORTGAGE,Debt collection,642
NATIONSTAR MORTGAGE,Debt collection,1
NATIONSTAR MORTGAGE,"Money transfer, virtual currency, or money service",14
NATIONSTAR MORTGAGE,"Money transfer, virtual currency, or money service",0
NATIONSTAR MORTGAGE,Student loan,3
NATIONSTAR MORTGAGE,Student loan,0
NATIONSTAR MORTGAGE,Vehicle loan or lease,1
NATIONSTAR MORTGAGE,Vehicle loan or lease,0
NATIONSTAR MORTGAGE,Mortgage,24279
NATIONSTAR MORTGAGE,Mortgage,129
NATIONSTAR MORTGAGE,"Payday loan, title loan, or personal loan",8
NATIONSTAR MORTGAGE,"Payday loan, title loan, or personal loan",0
NATIONSTAR MORTGAGE,Bank account or service,29
NATIONSTAR MORTGAGE,Bank account or service,0
NATIONSTAR MORTGAGE,Credit card,0
NATIONSTAR MORTGAGE,Credit card,0
NATIONSTAR MORTGAGE,Credit reporting,16
NATIONSTAR MORTGAGE,Credit reporting,0
NATIONSTAR MORTGAGE,Consumer Loan,13
NATIONSTAR MORTGAGE,Consumer Loan,0
NATIONSTAR MORTGAGE,Prepaid card,0
NATIONSTAR MORTGAGE,Prepaid card,0
NATIONSTAR MORTGAGE,Money transfers,1
NATIONSTAR MORTGAGE,Money transfers,0
NATIONSTAR MORTGAGE,Other financial service,1
NATIONSTAR MORTGAGE,Other financial service,0
NATIONSTAR MORTGAGE,Payday loan,0
NATIONSTAR MORTGAGE,Payday loan,0
U.S. BANCORP,Checking or savings account,4361
U.S. BANCORP,Checking or savings account,0
U.S. BANCORP,Credit card or prepaid card,5641
U.S. BANCORP,Credit card or prepaid card,0
U.S. BANCORP,"Credit reporting, credit repair services, or other personal consumer reports",1675
U.S. BANCORP,"Credit reporting, credit repair services, or other personal consumer reports",0
U.S. BANCORP,Debt collection,1189
U.S. BANCORP,Debt collection,0
U.S. BANCORP,"Money transfer, virtual currency, or money service",340
U.S. BANCORP,"Money transfer, virtual currency, or money service",0
U.S. BANCORP,Student loan,89
U.S. BANCORP,Student loan,0
U.S. BANCORP,Vehicle loan or lease,536
U.S. BANCORP,Vehicle loan or lease,0
U.S. BANCORP,Mortgage,7015
U.S. BANCORP,Mortgage,71
U.S. BANCORP,"Payday loan, title loan, or personal loan",198
U.S. BANCORP,"Payday loan, title loan, or personal loan",0
U.S. BANCORP,Bank account or service,3717
U.S. BANCORP,Bank account or service,9
U.S. BANCORP,Credit card,2438
U.S. BANCORP,Credit card,10
U.S. BANCORP,Credit reporting,62
U.S. BANCORP,Credit reporting,0
U.S. BANCORP,Consumer Loan,573
U.S. BANCORP,Consumer Loan,1
U.S. BANCORP,Prepaid card,322
U.S. BANCORP,Prepaid card,0
U.S. BANCORP,Money transfers,34
U.S. BANCORP,Money transfers,0
U.S. BANCORP,Other financial service,16
U.S. BANCORP,Other financial service,0
U.S. BANCORP,Payday loan,18
U.S. BANCORP,Payday loan,0
Ocwen Financial Corporation,Checking or savings account,6
Ocwen Financial Corporation,Checking or savings account,0
Ocwen Financial Corporation,Credit card or prepaid card,7
Ocwen Financial Corporation,Credit card or prepaid card,0
Ocwen Financial Corporation,"Credit reporting, credit repair services, or other personal consumer reports",682
Ocwen Financial Corporation,"Credit reporting, credit repair services, or other personal consumer reports",0
Ocwen Financial Corporation,Debt collection,973
Ocwen Financial Corporation,Debt collection,11
Ocwen Financial Corporation,"Money transfer, virtual currency, or money service",17
Ocwen Financial Corporation,"Money transfer, virtual currency, or money service",0
Ocwen Financial Corporation,Student loan,2
Ocwen Financial Corporation,Student loan,0
Ocwen Financial Corporation,Vehicle loan or lease,2
Ocwen Financial Corporation,Vehicle loan or lease,0
Ocwen Financial Corporation,Mortgage,30170
Ocwen Financial Corporation,Mortgage,533
Ocwen Financial Corporation,"Payday loan, title loan, or personal loan",3
Ocwen Financial Corporation,"Payday loan, title loan, or personal loan",0
Ocwen Financial Corporation,Bank account or service,62
Ocwen Financial Corporation,Bank account or service,0
Ocwen Financial Corporation,Credit card,6
Ocwen Financial Corporation,Credit card,0
Ocwen Financial Corporation,Credit reporting,41
Ocwen Financial Corporation,Credit reporting,1
Ocwen Financial Corporation,Consumer Loan,32
Ocwen Financial Corporation,Consumer Loan,0
Ocwen Financial Corporation,Prepaid card,0
Ocwen Financial Corporation,Prepaid card,0
Ocwen Financial Corporation,Money transfers,2
Ocwen Financial Corporation,Money transfers,0
Ocwen Financial Corporation,Other financial service,3
Ocwen Financial Corporation,Other financial service,0
Ocwen Financial Corporation,Payday loan,1
Ocwen Financial Corporation,Payday loan,0
"Navient Solutions, LLC.",Checking or savings account,4
"Navient Solutions, LLC.",Checking or savings account,0
"Navient Solutions, LLC.",Credit card or prepaid card,15
"Navient Solutions, LLC.",Credit card or prepaid card,0
"Navient Solutions, LLC.","Credit reporting, credit repair services, or other personal consumer reports",2530
"Navient Solutions, LLC.","Credit reporting, credit repair services, or other personal consumer reports",0
"Navient Solutions, LLC.",Debt collection,3670
"Navient Solutions, LLC.",Debt collection,1
"Navient Solutions, LLC.","Money transfer, virtual currency, or money service",10
"Navient Solutions, LLC.","Money transfer, virtual currency, or money service",0
"Navient Solutions, LLC.",Student loan,30051
"Navient Solutions, LLC.",Student loan,2
"Navient Solutions, LLC.",Vehicle loan or lease,2
"Navient Solutions, LLC.",Vehicle loan or lease,0
"Navient Solutions, LLC.",Mortgage,9
"Navient Solutions, LLC.",Mortgage,0
"Navient Solutions, LLC.","Payday loan, title loan, or personal loan",22
"Navient Solutions, LLC.","Payday loan, title loan, or personal loan",0
"Navient Solutions, LLC.",Bank account or service,15
"Navient Solutions, LLC.",Bank account or service,0
"Navient Solutions, LLC.",Credit card,0
"Navient Solutions, LLC.",Credit card,0
"Navient Solutions, LLC.",Credit reporting,31
"Navient Solutions, LLC.",Credit reporting,0
"Navient Solutions, LLC.",Consumer Loan,36
"Navient Solutions, LLC.",Consumer Loan,0
"Navient Solutions, LLC.",Prepaid card,0
"Navient Solutions, LLC.",Prepaid card,0
"Navient Solutions, LLC.",Money transfers,0
"Navient Solutions, LLC.",Money transfers,0
"Navient Solutions, LLC.",Other financial service,7
"Navient Solutions, LLC.",Other financial service,0
"Navient Solutions, LLC.",Payday loan,1
"Navient Solutions, LLC.",Payday loan,0
SYNCHRONY FINANCIAL,Checking or savings account,515
SYNCHRONY FINANCIAL,Checking or savings account,0
SYNCHRONY FINANCIAL,Credit card or prepaid card,12009
SYNCHRONY FINANCIAL,Credit card or prepaid card,0
SYNCHRONY FINANCIAL,"Credit reporting, credit repair services, or other personal consumer reports",6642
SYNCHRONY FINANCIAL,"Credit reporting, credit repair services, or other personal consumer reports",0
SYNCHRONY FINANCIAL,Debt collection,6521
SYNCHRONY FINANCIAL,Debt collection,1
SYNCHRONY FINANCIAL,"Money transfer, virtual currency, or money service",387
SYNCHRONY FINANCIAL,"Money transfer, virtual currency, or money service",0
SYNCHRONY FINANCIAL,Student loan,2
SYNCHRONY FINANCIAL,Student loan,0
SYNCHRONY FINANCIAL,Vehicle loan or lease,60
SYNCHRONY FINANCIAL,Vehicle loan or lease,0
SYNCHRONY FINANCIAL,Mortgage,200
SYNCHRONY FINANCIAL,Mortgage,16
SYNCHRONY FINANCIAL,"Payday loan, title loan, or personal loan",458
SYNCHRONY FINANCIAL,"Payday loan, title loan, or personal loan",0
SYNCHRONY FINANCIAL,Bank account or service,746
SYNCHRONY FINANCIAL,Bank account or service,0
SYNCHRONY FINANCIAL,Credit card,8779
SYNCHRONY FINANCIAL,Credit card,0
SYNCHRONY FINANCIAL,Credit reporting,183
SYNCHRONY FINANCIAL,Credit reporting,0
SYNCHRONY FINANCIAL,Consumer Loan,682
SYNCHRONY FINANCIAL,Consumer Loan,0
SYNCHRONY FINANCIAL,Prepaid card,20
SYNCHRONY FINANCIAL,Prepaid card,0
SYNCHRONY FINANCIAL,Money transfers,9
SYNCHRONY FINANCIAL,Money transfers,0
SYNCHRONY FINANCIAL,Other financial service,4
SYNCHRONY FINANCIAL,Other financial service,0
SYNCHRONY FINANCIAL,Payday loan,42
SYNCHRONY FINANCIAL,Payday loan,0
CAPITAL ONE FINANCIAL CORPORATION,Checking or savings account,4839
CAPITAL ONE FINANCIAL CORPORATION,Checking or savings account,2
CAPITAL ONE FINANCIAL CORPORATION,Credit card or prepaid card,19496
CAPITAL ONE FINANCIAL CORPORATION,Credit card or prepaid card,2
CAPITAL ONE FINANCIAL CORPORATION,"Credit reporting, credit repair services, or other personal consumer reports",14032
CAPITAL ONE FINANCIAL CORPORATION,"Credit reporting, credit repair services, or other personal consumer reports",5
CAPITAL ONE FINANCIAL CORPORATION,Debt collection,8181
CAPITAL ONE FINANCIAL CORPORATION,Debt collection,14
CAPITAL ONE FINANCIAL CORPORATION,"Money transfer, virtual currency, or money service",461
CAPITAL ONE FINANCIAL CORPORATION,"Money transfer, virtual currency, or money service",0
CAPITAL ONE FINANCIAL CORPORATION,Student loan,5
CAPITAL ONE FINANCIAL CORPORATION,Student loan,0
CAPITAL ONE FINANCIAL CORPORATION,Vehicle loan or lease,1530
CAPITAL ONE FINANCIAL CORPORATION,Vehicle loan or lease,4
CAPITAL ONE FINANCIAL CORPORATION,Mortgage,1224
CAPITAL ONE FINANCIAL CORPORATION,Mortgage,5
CAPITAL ONE FINANCIAL CORPORATION,"Payday loan, title loan, or personal loan",155
CAPITAL ONE FINANCIAL CORPORATION,"Payday loan, title loan, or personal loan",1
CAPITAL ONE FINANCIAL CORPORATION,Bank account or service,2434
CAPITAL ONE FINANCIAL CORPORATION,Bank account or service,11
CAPITAL ONE FINANCIAL CORPORATION,Credit card,12886
CAPITAL ONE FINANCIAL CORPORATION,Credit card,34
CAPITAL ONE FINANCIAL CORPORATION,Credit reporting,363
CAPITAL ONE FINANCIAL CORPORATION,Credit reporting,0
CAPITAL ONE FINANCIAL CORPORATION,Consumer Loan,1207
CAPITAL ONE FINANCIAL CORPORATION,Consumer Loan,5
CAPITAL ONE FINANCIAL CORPORATION,Prepaid card,21
CAPITAL ONE FINANCIAL CORPORATION,Prepaid card,0
CAPITAL ONE FINANCIAL CORPORATION,Money transfers,31
CAPITAL ONE FINANCIAL CORPORATION,Money transfers,0
CAPITAL ONE FINANCIAL CORPORATION,Other financial service,18
CAPITAL ONE FINANCIAL CORPORATION,Other financial service,0
CAPITAL ONE FINANCIAL CORPORATION,Payday loan,5
CAPITAL ONE FINANCIAL CORPORATION,Payday loan,0
"CITIBANK, N.A.",Checking or savings account,7550
"CITIBANK, N.A.",Checking or savings account,11
"CITIBANK, N.A.",Credit card or prepaid card,19905
"CITIBANK, N.A.",Credit card or prepaid card,4
"CITIBANK, N.A.","Credit reporting, credit repair services, or other personal consumer reports",6870
"CITIBANK, N.A.","Credit reporting, credit repair services, or other personal consumer reports",7
"CITIBANK, N.A.",Debt collection,6501
"CITIBANK, N.A.",Debt collection,4
"CITIBANK, N.A.","Money transfer, virtual currency, or money service",615
"CITIBANK, N.A.","Money transfer, virtual currency, or money service",1
"CITIBANK, N.A.",Student loan,712
"CITIBANK, N.A.",Student loan,22
"CITIBANK, N.A.",Vehicle loan or lease,33
"CITIBANK, N.A.",Vehicle loan or lease,0
"CITIBANK, N.A.",Mortgage,10033
"CITIBANK, N.A.",Mortgage,179
"CITIBANK, N.A.","Payday loan, title loan, or personal loan",179
"CITIBANK, N.A.","Payday loan, title loan, or personal loan",0
"CITIBANK, N.A.",Bank account or service,4422
"CITIBANK, N.A.",Bank account or service,28
"CITIBANK, N.A.",Credit card,16716
"CITIBANK, N.A.",Credit card,101
"CITIBANK, N.A.",Credit reporting,266
"CITIBANK, N.A.",Credit reporting,1
"CITIBANK, N.A.",Consumer Loan,757
"CITIBANK, N.A.",Consumer Loan,8
"CITIBANK, N.A.",Prepaid card,203
"CITIBANK, N.A.",Prepaid card,3
"CITIBANK, N.A.",Money transfers,102
"CITIBANK, N.A.",Money transfers,0
"CITIBANK, N.A.",Other financial service,34
"CITIBANK, N.A.",Other financial service,0
"CITIBANK, N.A.",Payday loan,22
"CITIBANK, N.A.",Payday loan,0
JPMORGAN CHASE & CO.,Checking or savings account,16072
JPMORGAN CHASE & CO.,Checking or savings account,5
JPMORGAN CHASE & CO.,Credit card or prepaid card,14009
JPMORGAN CHASE & CO.,Credit card or prepaid card,2
JPMORGAN CHASE & CO.,"Credit reporting, credit repair services, or other personal consumer reports",6247
JPMORGAN CHASE & CO.,"Credit reporting, credit repair services, or other personal consumer reports",0
JPMORGAN CHASE & CO.,Debt collection,3848
JPMORGAN CHASE & CO.,Debt collection,14
JPMORGAN CHASE & CO.,"Money transfer, virtual currency, or money service",2458
JPMORGAN CHASE & CO.,"Money transfer, virtual currency, or money service",0
JPMORGAN CHASE & CO.,Student loan,871
JPMORGAN CHASE & CO.,Student loan,2
JPMORGAN CHASE & CO.,Vehicle loan or lease,1158
JPMORGAN CHASE & CO.,Vehicle loan or lease,0
JPMORGAN CHASE & CO.,Mortgage,23470
JPMORGAN CHASE & CO.,Mortgage,12
JPMORGAN CHASE & CO.,"Payday loan, title loan, or personal loan",196
JPMORGAN CHASE & CO.,"Payday loan, title loan, or personal loan",0
JPMORGAN CHASE & CO.,Bank account or service,9777
JPMORGAN CHASE & CO.,Bank account or service,39
JPMORGAN CHASE & CO.,Credit card,10358
JPMORGAN CHASE & CO.,Credit card,15
JPMORGAN CHASE & CO.,Credit reporting,190
JPMORGAN CHASE & CO.,Credit reporting,2
JPMORGAN CHASE & CO.,Consumer Loan,1026
JPMORGAN CHASE & CO.,Consumer Loan,3
JPMORGAN CHASE & CO.,Prepaid card,32
JPMORGAN CHASE & CO.,Prepaid card,0
JPMORGAN CHASE & CO.,Money transfers,227
JPMORGAN CHASE & CO.,Money transfers,1
JPMORGAN CHASE & CO.,Other financial service,59
JPMORGAN CHASE & CO.,Other financial service,1
JPMORGAN CHASE & CO.,Payday loan,6
JPMORGAN CHASE & CO.,Payday loan,0
WELLS FARGO & COMPANY,Checking or savings account,13008
WELLS FARGO & COMPANY,Checking or savings account,595
WELLS FARGO & COMPANY,Credit card or prepaid card,4712
WELLS FARGO & COMPANY,Credit card or prepaid card,111
WELLS FARGO & COMPANY,"Credit reporting, credit repair services, or other personal consumer reports",5515
WELLS FARGO & COMPANY,"Credit reporting, credit repair services, or other personal consumer reports",125
WELLS FARGO & COMPANY,Debt collection,3612
WELLS FARGO & COMPANY,Debt collection,187
WELLS FARGO & COMPANY,"Money transfer, virtual currency, or money service",2092
WELLS FARGO & COMPANY,"Money transfer, virtual currency, or money service",66
WELLS FARGO & COMPANY,Student loan,1813
WELLS FARGO & COMPANY,Student loan,42
WELLS FARGO & COMPANY,Vehicle loan or lease,1297
WELLS FARGO & COMPANY,Vehicle loan or lease,209
WELLS FARGO & COMPANY,Mortgage,41789
WELLS FARGO & COMPANY,Mortgage,106
WELLS FARGO & COMPANY,"Payday loan, title loan, or personal loan",726
WELLS FARGO & COMPANY,"Payday loan, title loan, or personal loan",21
WELLS FARGO & COMPANY,Bank account or service,11803
WELLS FARGO & COMPANY,Bank account or service,1530
WELLS FARGO & COMPANY,Credit card,3716
WELLS FARGO & COMPANY,Credit card,325
WELLS FARGO & COMPANY,Credit reporting,134
WELLS FARGO & COMPANY,Credit reporting,23
WELLS FARGO & COMPANY,Consumer Loan,2116
WELLS FARGO & COMPANY,Consumer Loan,412
WELLS FARGO & COMPANY,Prepaid card,31
WELLS FARGO & COMPANY,Prepaid card,5
WELLS FARGO & COMPANY,Money transfers,216
WELLS FARGO & COMPANY,Money transfers,38
WELLS FARGO & COMPANY,Other financial service,47
WELLS FARGO & COMPANY,Other financial service,10
WELLS FARGO & COMPANY,Payday loan,20
WELLS FARGO & COMPANY,Payday loan,3
"BANK OF AMERICA, NATIONAL ASSOCIATION",Checking or savings account,17964
"BANK OF AMERICA, NATIONAL ASSOCIATION",Checking or savings account,384
"BANK OF AMERICA, NATIONAL ASSOCIATION",Credit card or prepaid card,11503
"BANK OF AMERICA, NATIONAL ASSOCIATION",Credit card or prepaid card,464
"BANK OF AMERICA, NATIONAL ASSOCIATION","Credit reporting, credit repair services, or other personal consumer reports",4969
"BANK OF AMERICA, NATIONAL ASSOCIATION","Credit reporting, credit repair services, or other personal consumer reports",335
"BANK OF AMERICA, NATIONAL ASSOCIATION",Debt collection,3777
"BANK OF AMERICA, NATIONAL ASSOCIATION",Debt collection,146
"BANK OF AMERICA, NATIONAL ASSOCIATION","Money transfer, virtual currency, or money service",2124
"BANK OF AMERICA, NATIONAL ASSOCIATION","Money transfer, virtual currency, or money service",71
"BANK OF AMERICA, NATIONAL ASSOCIATION",Student loan,139
"BANK OF AMERICA, NATIONAL ASSOCIATION",Student loan,1
"BANK OF AMERICA, NATIONAL ASSOCIATION",Vehicle loan or lease,456
"BANK OF AMERICA, NATIONAL ASSOCIATION",Vehicle loan or lease,14
"BANK OF AMERICA, NATIONAL ASSOCIATION",Mortgage,44888
"BANK OF AMERICA, NATIONAL ASSOCIATION",Mortgage,1181
"BANK OF AMERICA, NATIONAL ASSOCIATION","Payday loan, title loan, or personal loan",276
"BANK OF AMERICA, NATIONAL ASSOCIATION","Payday loan, title loan, or personal loan",7
"BANK OF AMERICA, NATIONAL ASSOCIATION",Bank account or service,13764
"BANK OF AMERICA, NATIONAL ASSOCIATION",Bank account or service,153
"BANK OF AMERICA, NATIONAL ASSOCIATION",Credit card,8893
"BANK OF AMERICA, NATIONAL ASSOCIATION",Credit card,218
"BANK OF AMERICA, NATIONAL ASSOCIATION",Credit reporting,124
"BANK OF AMERICA, NATIONAL ASSOCIATION",Credit reporting,2
"BANK OF AMERICA, NATIONAL ASSOCIATION",Consumer Loan,669
"BANK OF AMERICA, NATIONAL ASSOCIATION",Consumer Loan,12
"BANK OF AMERICA, NATIONAL ASSOCIATION",Prepaid card,55
"BANK OF AMERICA, NATIONAL ASSOCIATION",Prepaid card,0
"BANK OF AMERICA, NATIONAL ASSOCIATION",Money transfers,271
"BANK OF AMERICA, NATIONAL ASSOCIATION",Money transfers,0
"BANK OF AMERICA, NATIONAL ASSOCIATION",Other financial service,73
"BANK OF AMERICA, NATIONAL ASSOCIATION",Other financial service,0
"BANK OF AMERICA, NATIONAL ASSOCIATION",Payday loan,14
"BANK OF AMERICA, NATIONAL ASSOCIATION",Payday loan,0
Experian Information Solutions Inc.,Checking or savings account,37
Experian Information Solutions Inc.,Checking or savings account,0
Experian Information Solutions Inc.,Credit card or prepaid card,415
Experian Information Solutions Inc.,Credit card or prepaid card,0
Experian Information Solutions Inc.,"Credit reporting, credit repair services, or other personal consumer reports",261216
Experian Information Solutions Inc.,"Credit reporting, credit repair services, or other personal consumer reports",2
Experian Information Solutions Inc.,Debt collection,6380
Experian Information Solutions Inc.,Debt collection,0
Experian Information Solutions Inc.,"Money transfer, virtual currency, or money service",28
Experian Information Solutions Inc.,"Money transfer, virtual currency, or money service",0
Experian Information Solutions Inc.,Student loan,70
Experian Information Solutions Inc.,Student loan,0
Experian Information Solutions Inc.,Vehicle loan or lease,143
Experian Information Solutions Inc.,Vehicle loan or lease,0
Experian Information Solutions Inc.,Mortgage,109
Experian Information Solutions Inc.,Mortgage,0
Experian Information Solutions Inc.,"Payday loan, title loan, or personal loan",62
Experian Information Solutions Inc.,"Payday loan, title loan, or personal loan",0
Experian Information Solutions Inc.,Bank account or service,22
Experian Information Solutions Inc.,Bank account or service,0
Experian Information Solutions Inc.,Credit card,50
Experian Information Solutions Inc.,Credit card,0
Experian Information Solutions Inc.,Credit reporting,45371
Experian Information Solutions Inc.,Credit reporting,7
Experian Information Solutions Inc.,Consumer Loan,40
Experian Information Solutions Inc.,Consumer Loan,0
Experian Information Solutions Inc.,Prepaid card,0
Experian Information Solutions Inc.,Prepaid card,0
Experian Information Solutions Inc.,Money transfers,0
Experian Information Solutions Inc.,Money transfers,0
Experian Information Solutions Inc.,Other financial service,7
Experian Information Solutions Inc.,Other financial service,0
Experian Information Solutions Inc.,Payday loan,2
Experian Information Solutions Inc.,Payday loan,0
"TRANSUNION INTERMEDIATE HOLDINGS, INC.",Checking or savings account,24
"TRANSUNION INTERMEDIATE HOLDINGS, INC.",Checking or savings account,0
"TRANSUNION INTERMEDIATE HOLDINGS, INC.",Credit card or prepaid card,321
"TRANSUNION INTERMEDIATE HOLDINGS, INC.",Credit card or prepaid card,1
"TRANSUNION INTERMEDIATE HOLDINGS, INC.","Credit reporting, credit repair services, or other personal consumer reports",289860
"TRANSUNION INTERMEDIATE HOLDINGS, INC.","Credit reporting, credit repair services, or other personal consumer reports",312
"TRANSUNION INTERMEDIATE HOLDINGS, INC.",Debt collection,6502
"TRANSUNION INTERMEDIATE HOLDINGS, INC.",Debt collection,2
"TRANSUNION INTERMEDIATE HOLDINGS, INC.","Money transfer, virtual currency, or money service",17
"TRANSUNION INTERMEDIATE HOLDINGS, INC.","Money transfer, virtual currency, or money service",0
"TRANSUNION INTERMEDIATE HOLDINGS, INC.",Student loan,78
"TRANSUNION INTERMEDIATE HOLDINGS, INC.",Student loan,0
"TRANSUNION INTERMEDIATE HOLDINGS, INC.",Vehicle loan or lease,109
"TRANSUNION INTERMEDIATE HOLDINGS, INC.",Vehicle loan or lease,0
"TRANSUNION INTERMEDIATE HOLDINGS, INC.",Mortgage,99
"TRANSUNION INTERMEDIATE HOLDINGS, INC.",Mortgage,0
"TRANSUNION INTERMEDIATE HOLDINGS, INC.","Payday loan, title loan, or personal loan",48
"TRANSUNION INTERMEDIATE HOLDINGS, INC.","Payday loan, title loan, or personal loan",0
"TRANSUNION INTERMEDIATE HOLDINGS, INC.",Bank account or service,13
"TRANSUNION INTERMEDIATE HOLDINGS, INC.",Bank account or service,0
"TRANSUNION INTERMEDIATE HOLDINGS, INC.",Credit card,20
"TRANSUNION INTERMEDIATE HOLDINGS, INC.",Credit card,0
"TRANSUNION INTERMEDIATE HOLDINGS, INC.",Credit reporting,39813
"TRANSUNION INTERMEDIATE HOLDINGS, INC.",Credit reporting,8
"TRANSUNION INTERMEDIATE HOLDINGS, INC.",Consumer Loan,28
"TRANSUNION INTERMEDIATE HOLDINGS, INC.",Consumer Loan,0
"TRANSUNION INTERMEDIATE HOLDINGS, INC.",Prepaid card,0
"TRANSUNION INTERMEDIATE HOLDINGS, INC.",Prepaid card,0
"TRANSUNION INTERMEDIATE HOLDINGS, INC.",Money transfers,0
"TRANSUNION INTERMEDIATE HOLDINGS, INC.",Money transfers,0
"TRANSUNION INTERMEDIATE HOLDINGS, INC.",Other financial service,1
"TRANSUNION INTERMEDIATE HOLDINGS, INC.",Other financial service,0
"TRANSUNION INTERMEDIATE HOLDINGS, INC.",Payday loan,1
"TRANSUNION INTERMEDIATE HOLDINGS, INC.",Payday loan,0
"EQUIFAX, INC.",Checking or savings account,19
"EQUIFAX, INC.",Checking or savings account,0
"EQUIFAX, INC.",Credit card or prepaid card,357
"EQUIFAX, INC.",Credit card or prepaid card,3
"EQUIFAX, INC.","Credit reporting, credit repair services, or other personal consumer reports",375680
"EQUIFAX, INC.","Credit reporting, credit repair services, or other personal consumer reports",1737
"EQUIFAX, INC.",Debt collection,6952
"EQUIFAX, INC.",Debt collection,27
"EQUIFAX, INC.","Money transfer, virtual currency, or money service",13
"EQUIFAX, INC.","Money transfer, virtual currency, or money service",0
"EQUIFAX, INC.",Student loan,78
"EQUIFAX, INC.",Student loan,0
"EQUIFAX, INC.",Vehicle loan or lease,95
"EQUIFAX, INC.",Vehicle loan or lease,0
"EQUIFAX, INC.",Mortgage,137
"EQUIFAX, INC.",Mortgage,0
"EQUIFAX, INC.","Payday loan, title loan, or personal loan",37
"EQUIFAX, INC.","Payday loan, title loan, or personal loan",0
"EQUIFAX, INC.",Bank account or service,14
"EQUIFAX, INC.",Bank account or service,0
"EQUIFAX, INC.",Credit card,46
"EQUIFAX, INC.",Credit card,0
"EQUIFAX, INC.",Credit reporting,48126
"EQUIFAX, INC.",Credit reporting,2
"EQUIFAX, INC.",Consumer Loan,55
"EQUIFAX, INC.",Consumer Loan,0
"EQUIFAX, INC.",Prepaid card,1
"EQUIFAX, INC.",Prepaid card,0
"EQUIFAX, INC.",Money transfers,0
"EQUIFAX, INC.",Money transfers,0
"EQUIFAX, INC.",Other financial service,3
"EQUIFAX, INC.",Other financial service,0
"EQUIFAX, INC.",Payday loan,0
"EQUIFAX, INC.",Payday loan,0
